Presidential Electors (Vote For 1),,,,,,,,,,,,,,
,,DEM Joseph R. Biden/Kamala D. Harris,,,REP Donald J. Trump/Mike R. Pence,,,LIB Jo Jorgensen/Jeremy Spike Cohen,,,Write-in,,,
County,Registered Voters,Election Day,Absentee,Total Votes,Election Day,Absentee,Total Votes,Election Day,Absentee,Total Votes,Election Day,Absentee,Total Votes,Total
ALEPPO,1388,166,376,542,347,178,525,6,3,9,2,2,4,1080
ASPINWALL DIST 1,861,209,267,476,184,27,211,2,4,6,1,3,4,697
ASPINWALL DIST 2,572,143,186,329,110,19,129,3,1,4,1,0,1,463
ASPINWALL DIST 3,856,200,277,477,150,45,195,7,4,11,2,0,2,685
AVALON WARD 1,1108,238,287,525,211,35,246,6,8,14,2,1,3,788
AVALON WARD 2 DIST 1,717,151,192,343,142,48,190,9,5,14,3,0,3,550
AVALON WARD 2 DIST 2,487,83,146,229,88,51,139,7,1,8,0,1,1,377
AVALON WARD 3 DIST 1,320,57,93,150,81,19,100,1,3,4,1,0,1,255
AVALON WARD 3 DIST 2,454,67,144,211,96,17,113,6,4,10,3,2,5,339
AVALON WARD 3 DIST 3,507,71,161,232,83,52,135,5,1,6,0,2,2,375
BALDWIN BR DIST 1,626,103,143,246,178,55,233,4,2,6,3,0,3,488
BALDWIN BR DIST 2,1024,166,298,464,285,75,360,14,14,28,1,5,6,858
BALDWIN BR DIST 3,838,137,231,368,229,53,282,1,4,5,2,0,2,657
BALDWIN BR DIST 4,782,121,184,305,265,47,312,6,2,8,3,0,3,628
BALDWIN BR DIST 5,824,127,221,348,226,67,293,3,4,7,2,1,3,651
BALDWIN BR DIST 6,764,104,196,300,238,67,305,6,5,11,2,0,2,618
BALDWIN BR DIST 7,820,105,219,324,236,81,317,7,4,11,1,3,4,656
BALDWIN BR DIST 8,715,91,219,310,225,59,284,2,4,6,0,2,2,602
BALDWIN BR DIST 9,769,84,265,349,199,62,261,2,5,7,1,0,1,618
BALDWIN BR DIST 10,1067,144,255,399,153,59,212,6,4,10,0,1,1,622
BALDWIN BR DIST 11,1294,214,352,566,179,84,263,2,4,6,2,3,5,840
BALDWIN BR DIST 12,634,89,157,246,204,52,256,3,2,5,0,1,1,508
BALDWIN BR DIST 13,688,93,182,275,237,82,319,3,5,8,0,3,3,605
BALDWIN BR DIST 14,613,85,155,240,192,61,253,3,2,5,2,1,3,501
BALDWIN BR DIST 15,798,88,227,315,260,82,342,6,6,12,1,0,1,670
BALDWIN BR DIST 16,914,163,227,390,263,73,336,6,6,12,0,1,1,739
BALDWIN BR DIST 17,677,84,229,313,192,59,251,4,0,4,1,1,2,570
BALDWIN BR DIST 18,938,114,324,438,214,88,302,2,2,4,1,1,2,746
BALDWIN TP DIST 1,806,178,184,362,268,49,317,5,1,6,0,2,2,687
BALDWIN TP DIST 2,757,122,207,329,234,39,273,4,3,7,0,0,0,609
BELL ACRES,1205,194,271,465,405,94,499,12,4,16,3,2,5,985
BELLEVUE WARD 1 DIST 1,970,159,282,441,169,48,217,9,4,13,2,2,4,675
BELLEVUE WARD 1 DIST 2,987,203,291,494,167,50,217,5,4,9,1,2,3,723
BELLEVUE WARD 2 DIST 1,1146,210,321,531,198,45,243,11,2,13,2,3,5,792
BELLEVUE WARD 2 DIST 2,1010,189,284,473,191,43,234,14,2,16,6,1,7,730
BELLEVUE WARD 3 DIST 1,1040,194,291,485,195,46,241,12,8,20,2,5,7,753
BELLEVUE WARD 3 DIST 2,1019,205,268,473,213,60,273,12,3,15,2,3,5,766
BEN AVON DIST 1,479,143,134,277,106,22,128,2,0,2,1,2,3,410
BEN AVON DIST 2,986,212,317,529,226,36,262,17,5,22,3,2,5,818
BEN AVON HT,337,98,66,164,104,20,124,3,0,3,0,0,0,291
BETHEL PARK WARD 1 DIST 1,883,118,236,354,272,79,351,5,2,7,2,1,3,715
BETHEL PARK WARD 1 DIST 2,783,125,232,357,232,57,289,9,1,10,2,0,2,658
BETHEL PARK WARD 1 DIST 3,848,123,208,331,248,109,357,9,1,10,0,3,3,701
BETHEL PARK WARD 2 DIST 1,743,96,203,299,243,68,311,6,5,11,2,1,3,624
BETHEL PARK WARD 2 DIST 2,950,115,272,387,311,95,406,1,2,3,0,0,0,796
BETHEL PARK WARD 2 DIST 3,1121,125,310,435,354,112,466,5,6,11,0,1,1,913
BETHEL PARK WARD 3 DIST 1,809,104,215,319,287,77,364,3,2,5,0,1,1,689
BETHEL PARK WARD 3 DIST 2,1100,148,326,474,313,130,443,4,2,6,0,1,1,924
BETHEL PARK WARD 3 DIST 3,1094,119,345,464,327,141,468,7,4,11,2,1,3,946
BETHEL PARK WARD 4 DIST 1,1328,145,359,504,435,153,588,3,5,8,3,1,4,1104
BETHEL PARK WARD 4 DIST 2,800,66,248,314,232,82,314,4,3,7,0,1,1,636
BETHEL PARK WARD 4 DIST 3,910,128,241,369,266,100,366,1,5,6,0,1,1,742
BETHEL PARK WARD 5 DIST 1,714,97,176,273,222,86,308,0,4,4,0,0,0,585
BETHEL PARK WARD 5 DIST 2,679,90,175,265,214,36,250,6,3,9,2,0,2,526
BETHEL PARK WARD 5 DIST 3,1499,130,520,650,358,153,511,9,4,13,0,0,0,1174
BETHEL PARK WARD 6 DIST 1,1320,142,328,470,444,136,580,12,2,14,0,4,4,1068
BETHEL PARK WARD 6 DIST 2,960,126,293,419,306,88,394,7,4,11,0,1,1,825
BETHEL PARK WARD 6 DIST 3,879,76,269,345,263,113,376,3,4,7,0,2,2,730
BETHEL PARK WARD 7 DIST 1,1214,138,326,464,431,119,550,11,5,16,0,1,1,1031
BETHEL PARK WARD 7 DIST 2,1269,144,386,530,379,114,493,8,2,10,1,1,2,1035
BETHEL PARK WARD 7 DIST 3,775,89,232,321,251,70,321,7,1,8,3,2,5,655
BETHEL PARK WARD 8 DIST 1,562,90,155,245,170,51,221,2,3,5,1,2,3,474
BETHEL PARK WARD 8 DIST 2,497,50,149,199,52,76,128,2,2,4,1,1,2,333
BETHEL PARK WARD 8 DIST 3,1274,135,381,516,425,104,529,6,12,18,3,0,3,1066
BETHEL PARK WARD 8 DIST 4,461,68,139,207,151,29,180,4,2,6,0,3,3,396
BETHEL PARK WARD 9 DIST 1,589,83,163,246,189,61,250,2,3,5,0,4,4,505
BETHEL PARK WARD 9 DIST 2,736,104,208,312,200,72,272,6,0,6,0,0,0,590
BETHEL PARK WARD 9 DIST 3,1414,137,428,565,437,186,623,10,8,18,2,1,3,1209
BLAWNOX,1042,197,231,428,245,55,300,11,2,13,2,3,5,746
BRACKENRIDGE WARD 1,507,93,67,160,147,16,163,4,4,8,0,0,0,331
BRACKENRIDGE WARD 2,782,121,135,256,277,46,323,7,1,8,1,1,2,589
BRACKENRIDGE WARD 3,662,81,101,182,234,41,275,13,0,13,1,0,1,471
BRADDOCK WARD 1,490,128,109,237,18,8,26,1,1,2,1,0,1,266
BRADDOCK WARD 2,614,157,143,300,32,10,42,2,2,4,0,0,0,346
BRADDOCK WARD 3,453,130,73,203,8,5,13,0,0,0,1,0,1,217
BRADDOCK HL DIST 1,810,155,224,379,112,41,153,0,3,3,0,1,1,536
BRADDOCK HL DIST 2,543,116,160,276,100,22,122,6,5,11,1,0,1,410
BRADFORD WOODS,1018,136,300,436,312,97,409,3,6,9,3,0,3,857
BRENTWOOD DIST 1,539,94,150,244,151,41,192,2,3,5,1,2,3,444
BRENTWOOD DIST 2,744,109,180,289,207,44,251,9,5,14,5,3,8,562
BRENTWOOD DIST 3,613,94,148,242,174,37,211,5,1,6,0,1,1,460
BRENTWOOD DIST 4,820,145,205,350,232,56,288,2,1,3,1,2,3,644
BRENTWOOD DIST 5,733,145,189,334,136,29,165,3,5,8,0,0,0,507
BRENTWOOD DIST 6,694,114,171,285,132,53,185,5,2,7,0,0,0,477
BRENTWOOD DIST 7,763,137,180,317,193,58,251,6,4,10,1,2,3,581
BRENTWOOD DIST 8,728,83,235,318,174,78,252,5,6,11,2,3,5,586
BRENTWOOD DIST 9,607,95,170,265,151,47,198,4,1,5,1,0,1,469
BRENTWOOD DIST 10,558,75,120,195,174,58,232,6,2,8,0,1,1,436
BRIDGEVILLE DIST 1,830,151,150,301,248,54,302,8,2,10,1,0,1,614
BRIDGEVILLE DIST 2,857,149,174,323,256,44,300,5,0,5,0,1,1,629
BRIDGEVILLE DIST 3,877,132,191,323,281,79,360,6,8,14,1,1,2,699
BRIDGEVILLE DIST 4,1010,172,265,437,298,51,349,5,0,5,3,2,5,796
CARNEGIE WARD 1 DIST 1,547,104,122,226,134,18,152,7,0,7,3,0,3,388
CARNEGIE WARD 1 DIST 2,1225,230,328,558,278,73,351,11,2,13,0,3,3,925
CARNEGIE WARD 1 DIST 3,887,178,230,408,219,55,274,6,3,9,1,1,2,693
CARNEGIE WARD 1 DIST 4,388,80,86,166,55,18,73,2,3,5,0,1,1,245
CARNEGIE WARD 2 DIST 1,672,125,143,268,156,28,184,12,1,13,1,1,2,467
CARNEGIE WARD 2 DIST 2,506,79,145,224,127,24,151,3,1,4,0,0,0,379
CARNEGIE WARD 2 DIST 3,511,66,165,231,136,54,190,2,1,3,0,0,0,424
CARNEGIE WARD 2 DIST 4,904,133,192,325,186,54,240,4,4,8,1,0,1,574
CASL SHANNON DIST 1,1072,179,299,478,181,71,252,5,3,8,1,1,2,740
CASL SHANNON DIST 2,846,161,202,363,216,51,267,9,1,10,2,4,6,646
CASL SHANNON DIST 3,844,125,228,353,236,67,303,10,2,12,3,0,3,671
CASL SHANNON DIST 4,648,103,199,302,152,39,191,3,3,6,2,0,2,501
CASL SHANNON DIST 5,732,133,216,349,193,41,234,4,3,7,3,0,3,593
CASL SHANNON DIST 6,661,101,190,291,185,47,232,7,1,8,2,2,4,535
CASL SHANNON DIST 7,771,122,214,336,241,32,273,1,3,4,1,1,2,615
CASL SHANNON DIST 8,569,92,177,269,163,36,199,1,2,3,1,0,1,472
CHALFANT DIST 1,588,124,137,261,130,32,162,5,1,6,0,1,1,430
CHESWICK DIST 1,648,107,142,249,238,46,284,5,2,7,3,0,3,543
CHESWICK DIST 2,669,105,148,253,260,56,316,2,0,2,1,0,1,572
CHURCHILL DIST 1,712,126,296,422,137,50,187,4,5,9,2,2,4,622
CHURCHILL DIST 2,741,141,282,423,119,37,156,4,4,8,0,1,1,588
CHURCHILL DIST 3,656,125,251,376,131,51,182,3,1,4,2,1,3,565
CHURCHILL DIST 4,704,85,262,347,168,52,220,2,0,2,1,0,1,570
CLAIRTON WARD 1 DIST 1,398,78,69,147,59,18,77,4,2,6,0,0,0,230
CLAIRTON WARD 1 DIST 2,401,65,76,141,94,29,123,3,2,5,0,1,1,270
CLAIRTON WARD 1 DIST 3,336,35,52,87,105,24,129,2,2,4,0,1,1,221
CLAIRTON WARD 2 DIST 1,113,42,22,64,0,1,1,0,1,1,0,0,0,66
CLAIRTON WARD 2 DIST 2,298,77,73,150,12,7,19,1,0,1,0,0,0,170
CLAIRTON WARD 2 DIST 3,437,112,87,199,35,11,46,2,0,2,1,0,1,248
CLAIRTON WARD 3 DIST 1,443,81,102,183,88,25,113,2,2,4,1,0,1,301
CLAIRTON WARD 3 DIST 2,365,79,67,146,60,21,81,2,2,4,0,0,0,231
CLAIRTON WARD 3 DIST 3,400,65,57,122,60,18,78,1,1,2,1,0,1,203
CLAIRTON WARD 4 DIST 1,373,88,96,184,17,7,24,2,1,3,0,0,0,211
CLAIRTON WARD 4 DIST 2,355,102,59,161,28,19,47,0,0,0,0,0,0,208
CLAIRTON WARD 4 DIST 3,451,73,91,164,114,29,143,5,1,6,2,0,2,315
COLLIER DIST 1,1318,166,344,510,458,126,584,4,9,13,1,0,1,1108
COLLIER DIST 2,1353,191,271,462,538,113,651,15,8,23,3,1,4,1140
COLLIER DIST 3,1303,139,396,535,381,135,516,2,4,6,2,1,3,1060
COLLIER DIST 4,775,139,231,370,180,57,237,4,1,5,1,0,1,613
COLLIER DIST 5,987,84,191,275,363,162,525,1,1,2,1,2,3,805
COLLIER DIST 6,1146,157,299,456,348,87,435,10,8,18,1,3,4,913
CORAOPOLIS WARD 1 DIST 1,437,127,96,223,75,9,84,8,0,8,2,3,5,320
CORAOPOLIS WARD 1 DIST 2,513,97,125,222,124,28,152,5,2,7,0,0,0,381
CORAOPOLIS WARD 2,832,142,194,336,138,52,190,7,5,12,1,1,2,540
CORAOPOLIS WARD 3 DIST 1,588,122,144,266,146,31,177,4,1,5,1,0,1,449
CORAOPOLIS WARD 3 DIST 2,578,103,130,233,163,32,195,5,0,5,2,0,2,435
CORAOPOLIS WARD 4 DIST 1,456,91,103,194,122,20,142,2,2,4,0,1,1,341
CORAOPOLIS WARD 4 DIST 2,538,109,136,245,133,33,166,3,2,5,4,1,5,421
CRAFTON WARD 1 DIST 1,932,172,268,440,199,39,238,14,6,20,1,1,2,700
CRAFTON WARD 1 DIST 2,661,127,165,292,155,35,190,12,2,14,2,4,6,502
CRAFTON WARD 2 DIST 1,621,121,169,290,152,37,189,8,0,8,0,1,1,488
CRAFTON WARD 2 DIST 2,808,161,213,374,149,49,198,5,4,9,1,3,4,585
CRAFTON WARD 3 DIST 1,994,214,267,481,248,51,299,12,6,18,2,1,3,801
CRAFTON WARD 3 DIST 2,625,142,141,283,161,46,207,9,0,9,1,2,3,502
CRESCENT WARD 1,1101,158,217,375,392,68,460,8,3,11,1,1,2,848
CRESCENT WARD 2,685,105,111,216,250,53,303,5,2,7,1,1,2,528
DORMONT DIST 1,718,148,232,380,122,31,153,5,1,6,1,1,2,541
DORMONT DIST 2,535,83,203,286,129,29,158,3,0,3,1,2,3,450
DORMONT DIST 3,941,173,318,491,125,46,171,13,5,18,0,2,2,682
DORMONT DIST 4,673,126,243,369,122,32,154,9,1,10,2,3,5,538
DORMONT DIST 5,1098,197,384,581,165,57,222,8,7,15,3,0,3,821
DORMONT DIST 6,534,124,178,302,88,28,116,8,0,8,0,1,1,427
DORMONT DIST 7,527,107,195,302,85,28,113,0,2,2,1,2,3,420
DORMONT DIST 8,424,77,151,228,83,22,105,3,2,5,1,3,4,342
DORMONT DIST 9,548,104,188,292,102,20,122,3,1,4,3,1,4,422
DORMONT DIST 10,639,146,225,371,112,38,150,6,3,9,0,1,1,531
DRAVOSBURG DIST 1,541,67,105,172,151,44,195,5,2,7,0,1,1,375
DRAVOSBURG DIST 2,341,37,60,97,130,36,166,3,3,6,0,0,0,269
DRAVOSBURG DIST 3,266,42,49,91,85,22,107,2,0,2,0,0,0,200
DUQUESNE WARD 1 DIST 1,446,101,101,202,79,24,103,2,1,3,0,0,0,308
DUQUESNE WARD 1 DIST 2,530,116,82,198,41,17,58,2,0,2,0,1,1,259
DUQUESNE WARD 1 DIST 3,322,76,48,124,11,6,17,0,0,0,0,0,0,141
DUQUESNE WARD 1 DIST 4,209,41,30,71,13,8,21,0,0,0,0,0,0,92
DUQUESNE WARD 2 DIST 1,348,92,72,164,18,3,21,1,0,1,0,0,0,186
DUQUESNE WARD 2 DIST 2,377,109,66,175,21,9,30,4,0,4,0,0,0,209
DUQUESNE WARD 2 DIST 3,431,102,61,163,68,20,88,0,1,1,0,0,0,252
DUQUESNE WARD 3 DIST 1,236,72,46,118,14,3,17,0,0,0,0,0,0,135
DUQUESNE WARD 3 DIST 2,171,50,34,84,11,1,12,0,0,0,0,0,0,96
DUQUESNE WARD 3 DIST 3,556,137,118,255,65,23,88,0,1,1,1,0,1,345
EAST DEER WARD 1,332,61,55,116,115,15,130,2,2,4,0,0,0,250
EAST DEER WARD 2,574,79,106,185,213,35,248,2,0,2,1,0,1,436
E MCKEESPORT DIST 1,411,57,98,155,125,18,143,0,2,2,1,0,1,301
E MCKEESPORT DIST 2,524,127,100,227,127,21,148,6,1,7,0,1,1,383
E MCKEESPORT DIST 3,482,104,71,175,129,25,154,4,2,6,1,1,2,337
E PITTSBURGH WARD 1,356,99,59,158,33,14,47,3,0,3,2,0,2,210
E PITTSBURGH WARD 2,405,134,46,180,37,6,43,4,0,4,2,1,3,230
E PITTSBURGH WARD 3,530,110,93,203,41,14,55,2,0,2,0,0,0,260
EDGEWOOD DIST 1,1030,221,486,707,82,27,109,1,4,5,0,0,0,821
EDGEWOOD DIST 2,965,205,452,657,81,45,126,3,2,5,1,1,2,790
EDGEWOOD DIST 3,894,149,466,615,49,42,91,1,2,3,1,3,4,713
EDGEWORTH DIST 1,695,130,181,311,160,48,208,5,1,6,3,2,5,530
EDGEWORTH DIST 2,763,157,213,370,186,63,249,6,6,12,2,1,3,634
ELIZABETH BR,894,121,141,262,327,56,383,11,1,12,0,0,0,657
ELIZABETH TP WARD 1 DIST 1,562,66,108,174,218,62,280,2,1,3,0,1,1,458
ELIZABETH TP WARD 1 DIST 2,945,77,182,259,414,93,507,8,2,10,1,0,1,777
ELIZABETH TP WARD 2,1304,116,245,361,545,142,687,6,2,8,0,3,3,1059
ELIZABETH TP WARD 3,1360,147,273,420,551,159,710,11,3,14,1,1,2,1146
ELIZABETH TP WARD 4 DIST 1,926,80,193,273,349,103,452,4,3,7,1,2,3,735
ELIZABETH TP WARD 4 DIST 2,463,48,88,136,170,66,236,2,1,3,2,0,2,377
ELIZABETH TP WARD 5 DIST 1,463,37,76,113,192,40,232,5,0,5,2,0,2,352
ELIZABETH TP WARD 5 DIST 2,818,94,154,248,305,64,369,3,3,6,1,1,2,625
ELIZABETH TP WARD 6 DIST 1,606,53,113,166,277,57,334,2,1,3,0,2,2,505
ELIZABETH TP WARD 6 DIST 2,731,52,115,167,353,60,413,3,1,4,0,0,0,584
ELIZABETH TP WARD 7,1293,129,302,431,518,122,640,6,1,7,0,1,1,1079
EMSWORTH DIST 1,807,213,146,359,230,51,281,7,5,12,1,0,1,653
EMSWORTH DIST 2,1009,174,251,425,264,61,325,15,5,20,1,0,1,771
ETNA WARD 1,840,168,206,374,202,32,234,6,2,8,2,0,2,618
ETNA WARD 2,714,117,161,278,174,42,216,3,2,5,3,1,4,503
ETNA WARD 3,729,160,143,303,228,44,272,4,0,4,2,1,3,582
FAWN DIST 1,574,68,67,135,292,42,334,4,0,4,0,1,1,474
FAWN DIST 2,936,97,144,241,450,68,518,7,1,8,0,1,1,768
FINDLAY DIST 1,1566,184,263,447,650,153,803,13,3,16,3,0,3,1269
FINDLAY DIST 2,1830,249,386,635,629,151,780,14,7,21,0,0,0,1436
FINDLAY DIST 3,1207,193,256,449,452,88,540,7,2,9,0,2,2,1000
FOREST HILLS DIST 1,621,105,289,394,99,35,134,3,2,5,1,2,3,536
FOREST HILLS DIST 2,649,123,261,384,113,45,158,3,2,5,1,3,4,551
FOREST HILLS DIST 3,647,125,242,367,116,48,164,4,0,4,1,1,2,537
FOREST HILLS DIST 4,708,166,231,397,99,31,130,4,1,5,4,0,4,536
FOREST HILLS DIST 5,730,145,249,394,145,45,190,2,5,7,0,1,1,592
FOREST HILLS DIST 6,607,123,263,386,76,29,105,1,2,3,2,4,6,500
FOREST HILLS DIST 7,800,201,233,434,101,21,122,5,1,6,1,1,2,564
FOREST HILLS DIST 8,743,117,259,376,158,56,214,2,2,4,0,2,2,596
FORWARD DIST 1,367,36,25,61,200,33,233,1,2,3,1,1,2,299
FORWARD DIST 2,834,70,152,222,353,51,404,6,2,8,0,0,0,634
FORWARD DIST 3,401,47,64,111,186,31,217,1,1,2,0,1,1,331
FORWARD DIST 4,479,73,71,144,211,33,244,4,2,6,0,0,0,394
FOX CHAPEL DIST 1,861,171,262,433,217,48,265,2,4,6,1,0,1,705
FOX CHAPEL DIST 2,1035,179,341,520,240,61,301,7,5,12,0,2,2,835
FOX CHAPEL DIST 3,737,138,229,367,161,60,221,9,1,10,1,2,3,601
FOX CHAPEL DIST 4,1224,186,460,646,251,94,345,2,4,6,0,3,3,1000
FOX CHAPEL DIST 5,949,130,278,408,246,96,342,4,2,6,2,2,4,760
FRANKLIN PK WARD 1 DIST 1,1209,144,311,455,398,134,532,5,3,8,2,1,3,998
FRANKLIN PK WARD 1 DIST 2,1456,138,476,614,425,171,596,6,3,9,5,0,5,1224
FRANKLIN PK WARD 1 DIST 3,1338,153,449,602,362,145,507,6,11,17,3,1,4,1130
FRANKLIN PK WARD 2 DIST 1,1236,143,393,536,336,149,485,6,8,14,6,4,10,1045
FRANKLIN PK WARD 2 DIST 2,1274,125,411,536,344,158,502,1,9,10,2,1,3,1051
FRANKLIN PK WARD 2 DIST 3,1417,204,479,683,378,156,534,8,2,10,4,4,8,1235
FRANKLIN PK WARD 3 DIST 1,1307,112,452,564,362,149,511,6,8,14,3,3,6,1095
FRANKLIN PK WARD 3 DIST 2,806,107,244,351,237,80,317,5,5,10,1,3,4,682
FRANKLIN PK WARD 3 DIST 3,1276,128,438,566,368,136,504,9,2,11,1,3,4,1085
FRAZER,804,98,116,214,392,54,446,4,1,5,1,0,1,666
GLASSPORT DIST 1,576,67,114,181,201,30,231,5,1,6,1,0,1,419
GLASSPORT DIST 2,397,51,54,105,93,21,114,4,3,7,1,1,2,228
GLASSPORT DIST 3,539,74,103,177,116,40,156,9,1,10,0,1,1,344
GLASSPORT DIST 4,244,27,28,55,72,10,82,1,0,1,0,0,0,138
GLASSPORT DIST 5,485,61,87,148,174,41,215,4,0,4,0,0,0,367
GLASSPORT DIST 6,446,54,77,131,140,25,165,3,1,4,0,0,0,300
GLENFIELD,157,23,27,50,52,9,61,1,1,2,0,1,1,114
GREEN TREE DIST 1,811,145,218,363,251,61,312,10,1,11,0,1,1,687
GREEN TREE DIST 2,1084,162,320,482,339,72,411,2,4,6,2,1,3,902
GREEN TREE DIST 3,1031,190,272,462,284,79,363,8,2,10,1,0,1,836
GREEN TREE DIST 4,882,155,248,403,226,63,289,10,4,14,1,2,3,709
HAMPTON DIST 1,1206,168,343,511,381,114,495,13,4,17,4,4,8,1031
HAMPTON DIST 2,1258,154,314,468,446,124,570,7,2,9,3,4,7,1054
HAMPTON DIST 3,1365,149,389,538,412,153,565,9,7,16,2,1,3,1122
HAMPTON DIST 4,656,56,177,233,246,55,301,6,0,6,1,3,4,544
HAMPTON DIST 5,726,83,218,301,238,56,294,6,1,7,1,0,1,603
HAMPTON DIST 6,654,82,171,253,164,77,241,4,1,5,1,2,3,502
HAMPTON DIST 7,1382,166,360,526,457,146,603,1,7,8,1,1,2,1139
HAMPTON DIST 8,975,144,285,429,284,90,374,5,3,8,2,1,3,814
HAMPTON DIST 9,1362,176,332,508,503,132,635,5,6,11,1,1,2,1156
HAMPTON DIST 10,1561,162,477,639,430,193,623,5,4,9,2,0,2,1273
HAMPTON DIST 11,1725,245,481,726,609,147,756,5,10,15,1,3,4,1501
HAMPTON DIST 12,905,142,251,393,278,91,369,1,1,2,0,1,1,765
HAMPTON DIST 13,780,102,217,319,231,82,313,3,4,7,1,3,4,643
HARMAR DIST 1,1313,130,357,487,373,143,516,10,8,18,0,2,2,1023
HARMAR DIST 2,724,99,121,220,238,59,297,2,2,4,0,1,1,522
HARMAR DIST 3,365,35,67,102,141,26,167,2,3,5,0,1,1,275
HARRISON WARD 1 DIST 1,287,43,62,105,120,24,144,0,2,2,0,0,0,251
HARRISON WARD 1 DIST 2,606,85,156,241,205,47,252,1,1,2,0,5,5,500
HARRISON WARD 1 DIST 3,684,109,120,229,258,51,309,7,1,8,0,0,0,546
HARRISON WARD 2 DIST 1,325,47,68,115,114,22,136,1,1,2,1,0,1,254
HARRISON WARD 2 DIST 2,571,86,78,164,162,17,179,2,2,4,2,0,2,349
HARRISON WARD 3 DIST 1,1070,123,256,379,406,91,497,6,6,12,1,2,3,891
HARRISON WARD 3 DIST 2,633,102,121,223,248,39,287,7,4,11,1,0,1,522
HARRISON WARD 4 DIST 1,709,104,126,230,285,49,334,4,1,5,0,1,1,570
HARRISON WARD 4 DIST 2,595,66,108,174,228,50,278,6,2,8,0,0,0,460
HARRISON WARD 5 DIST 1,503,96,95,191,92,32,124,5,2,7,4,2,6,328
HARRISON WARD 5 DIST 2,796,116,133,249,314,66,380,8,0,8,1,1,2,639
HAYSVILLE,67,14,13,27,24,1,25,2,0,2,0,0,0,54
HEIDELBERG,937,245,157,402,289,42,331,7,1,8,3,0,3,744
HOMESTEAD WARD 1 DIST 1,560,108,152,260,62,24,86,1,1,2,0,0,0,348
HOMESTEAD WARD 1 DIST 2,344,114,76,190,13,7,20,1,1,2,0,0,0,212
HOMESTEAD WARD 2 DIST 1,402,134,92,226,15,7,22,1,2,3,1,0,1,252
HOMESTEAD WARD 2 DIST 2,310,117,63,180,14,3,17,1,0,1,2,0,2,200
HOMESTEAD WARD 3 DIST 1,475,143,71,214,23,14,37,3,0,3,0,0,0,254
HOMESTEAD WARD 3 DIST 2,281,81,49,130,8,5,13,0,0,0,0,0,0,143
INDIANA DIST 1,1001,143,236,379,312,92,404,13,1,14,1,0,1,798
INDIANA DIST 2,887,120,203,323,314,77,391,4,3,7,0,0,0,721
INDIANA DIST 3,1385,147,326,473,444,123,567,14,6,20,2,1,3,1063
INDIANA DIST 4,1148,154,326,480,359,86,445,10,2,12,0,1,1,938
INDIANA DIST 5,933,140,272,412,279,76,355,5,2,7,2,3,5,779
INGRAM DIST 1,834,175,219,394,203,29,232,8,6,14,3,1,4,644
INGRAM DIST 2,648,143,157,300,148,37,185,5,1,6,1,0,1,492
INGRAM DIST 3,946,192,225,417,268,48,316,8,2,10,4,2,6,749
JEFFERSON HL DIST 1,1763,201,434,635,648,177,825,5,1,6,1,0,1,1467
JEFFERSON HL DIST 2,831,91,131,222,360,63,423,5,7,12,1,0,1,658
JEFFERSON HL DIST 3,698,65,179,244,246,74,320,5,6,11,1,1,2,577
JEFFERSON HL DIST 4,676,66,153,219,212,69,281,3,3,6,1,0,1,507
JEFFERSON HL DIST 5,2082,174,533,707,682,265,947,5,6,11,2,3,5,1670
JEFFERSON HL DIST 6,1012,100,130,230,548,65,613,1,2,3,1,0,1,847
JEFFERSON HL DIST 7,387,39,78,117,178,32,210,2,1,3,1,1,2,332
JEFFERSON HL DIST 8,1328,153,363,516,482,127,609,7,4,11,1,4,5,1141
KENNEDY DIST 1,1546,144,406,550,540,168,708,6,5,11,0,2,2,1271
KENNEDY DIST 2,911,123,233,356,263,68,331,1,4,5,0,1,1,693
KENNEDY DIST 3,991,145,254,399,315,95,410,1,7,8,0,1,1,818
KENNEDY DIST 4,447,64,120,184,142,39,181,1,1,2,0,1,1,368
KENNEDY DIST 5,1390,194,320,514,461,133,594,6,5,11,2,3,5,1124
KENNEDY DIST 6,930,139,263,402,275,61,336,5,0,5,0,1,1,744
KENNEDY DIST 7,569,73,137,210,203,50,253,3,1,4,0,0,0,467
KILBUCK,620,104,161,265,224,37,261,3,0,3,0,0,0,529
LEET DIST 1,417,113,68,181,147,13,160,5,1,6,0,1,1,348
LEET DIST 2,806,143,236,379,227,57,284,4,4,8,2,0,2,673
LEETSDALE,877,195,160,355,222,45,267,7,2,9,2,0,2,633
LIBERTY DIST 1,892,139,131,270,374,60,434,9,3,12,1,0,1,717
LIBERTY DIST 2,804,110,116,226,345,55,400,10,1,11,3,1,4,641
LINCOLN,698,80,87,167,364,43,407,6,2,8,0,1,1,583
MARSHALL DIST 1,954,89,300,389,248,117,365,5,4,9,0,2,2,765
MARSHALL DIST 2,1136,144,278,422,383,116,499,5,4,9,1,1,2,932
MARSHALL DIST 3,831,98,230,328,229,114,343,3,2,5,1,2,3,679
MARSHALL DIST 4,1194,121,398,519,339,142,481,6,2,8,0,0,0,1008
MARSHALL DIST 5,908,83,310,393,228,127,355,1,4,5,1,4,5,758
MARSHALL DIST 6,1021,126,305,431,312,108,420,5,2,7,1,4,5,863
MARSHALL DIST 7,1296,139,358,497,367,142,509,4,4,8,0,2,2,1016
MCCANDLESS WARD 1 DIST 1,1148,105,370,475,321,137,458,8,3,11,4,2,6,950
MCCANDLESS WARD 1 DIST 2,805,78,274,352,161,68,229,3,3,6,1,1,2,589
MCCANDLESS WARD 1 DIST 3,1288,132,360,492,348,125,473,4,5,9,2,3,5,979
MCCANDLESS WARD 2 DIST 1,1422,142,513,655,326,168,494,4,2,6,2,3,5,1160
MCCANDLESS WARD 2 DIST 2,888,94,277,371,276,106,382,2,3,5,0,1,1,759
MCCANDLESS WARD 2 DIST 3,890,91,277,368,258,103,361,6,5,11,3,2,5,745
MCCANDLESS WARD 3 DIST 1,970,115,317,432,258,83,341,4,3,7,2,4,6,786
MCCANDLESS WARD 3 DIST 2,1098,130,323,453,342,104,446,7,4,11,1,0,1,911
MCCANDLESS WARD 3 DIST 3,1127,109,347,456,385,115,500,4,8,12,2,3,5,973
MCCANDLESS WARD 4 DIST 1,1532,166,490,656,433,185,618,13,5,18,2,2,4,1296
MCCANDLESS WARD 4 DIST 2,958,130,278,408,265,102,367,7,2,9,0,2,2,786
MCCANDLESS WARD 4 DIST 3,746,96,240,336,214,93,307,5,9,14,0,5,5,662
MCCANDLESS WARD 5 DIST 1,858,93,233,326,291,94,385,4,2,6,1,1,2,719
MCCANDLESS WARD 5 DIST 2,1414,165,407,572,358,143,501,10,4,14,1,1,2,1089
MCCANDLESS WARD 5 DIST 3,1007,133,344,477,230,115,345,6,4,10,2,0,2,834
MCCANDLESS WARD 6 DIST 1,488,56,159,215,142,57,199,3,1,4,0,0,0,418
MCCANDLESS WARD 6 DIST 2,1057,109,347,456,289,148,437,6,8,14,0,2,2,909
MCCANDLESS WARD 6 DIST 3,1918,178,700,878,395,244,639,14,11,25,1,6,7,1549
MCCANDLESS WARD 7 DIST 1,1667,166,503,669,410,202,612,9,13,22,1,1,2,1305
MCCANDLESS WARD 7 DIST 2,1018,93,371,464,272,109,381,4,4,8,2,2,4,857
MCCANDLESS WARD 7 DIST 3,529,66,177,243,128,70,198,2,5,7,0,1,1,449
MCDONALD,229,30,25,55,104,17,121,0,1,1,0,0,0,177
MCKEESPORT WARD 1,9,3,0,3,0,0,0,0,0,0,0,0,0,3
MCKEESPORT WARD 2,245,35,23,58,11,5,16,0,1,1,0,0,0,75
MCKEESPORT WARD 3 DIST 1,299,70,41,111,7,8,15,2,0,2,0,0,0,128
MCKEESPORT WARD 3 DIST 2,118,27,34,61,2,3,5,0,0,0,0,0,0,66
MCKEESPORT WARD 4,309,64,45,109,8,4,12,2,0,2,2,1,3,126
MCKEESPORT WARD 5,472,78,89,167,23,10,33,2,1,3,0,0,0,203
MCKEESPORT WARD 6 DIST 1,349,49,53,102,30,18,48,3,0,3,0,0,0,153
MCKEESPORT WARD 6 DIST 2,291,62,37,99,15,11,26,0,1,1,0,0,0,126
MCKEESPORT WARD 7 DIST 1,469,123,122,245,25,12,37,7,1,8,0,0,0,290
MCKEESPORT WARD 7 DIST 2,275,70,80,150,5,3,8,1,0,1,1,0,1,160
MCKEESPORT WARD 7 DIST 3,338,86,60,146,28,8,36,2,3,5,0,0,0,187
MCKEESPORT WARD 7 DIST 4,425,116,66,182,37,10,47,1,1,2,0,0,0,231
MCKEESPORT WARD 7 DIST 5,536,139,95,234,69,22,91,1,0,1,0,0,0,326
MCKEESPORT WARD 7 DIST 6,479,109,81,190,61,16,77,1,1,2,1,1,2,271
MCKEESPORT WARD 7 DIST 7,357,78,79,157,14,3,17,2,0,2,0,0,0,176
MCKEESPORT WARD 8 DIST 1,280,34,46,80,76,22,98,0,0,0,0,0,0,178
MCKEESPORT WARD 8 DIST 2,511,87,117,204,97,20,117,2,0,2,1,0,1,324
MCKEESPORT WARD 8 DIST 3,561,113,121,234,51,19,70,0,0,0,1,0,1,305
MCKEESPORT WARD 8 DIST 4,464,75,80,155,124,30,154,1,0,1,0,0,0,310
MCKEESPORT WARD 8 DIST 5,544,137,71,208,24,2,26,0,0,0,1,0,1,235
MCKEESPORT WARD 8 DIST 6,218,29,38,67,68,14,82,0,0,0,0,0,0,149
MCKEESPORT WARD 9 DIST 1,448,75,81,156,106,33,139,2,2,4,0,0,0,299
MCKEESPORT WARD 9 DIST 2,579,117,96,213,133,19,152,5,0,5,0,0,0,370
MCKEESPORT WARD 9 DIST 3,418,80,72,152,91,22,113,3,1,4,1,0,1,270
MCKEESPORT WARD 10 DIST 1,322,49,41,90,58,16,74,2,0,2,0,1,1,167
MCKEESPORT WARD 10 DIST 2,329,48,70,118,73,29,102,1,1,2,1,1,2,224
MCKEESPORT WARD 11 DIST 1,423,72,74,146,114,25,139,1,1,2,0,1,1,288
MCKEESPORT WARD 11 DIST 2,388,56,67,123,110,33,143,3,2,5,0,2,2,273
MCKEESPORT WARD 11 DIST 3,270,52,85,137,49,15,64,1,0,1,1,0,1,203
MCKEESPORT WARD 12 DIST 1,317,41,58,99,116,13,129,4,0,4,0,0,0,232
MCKEESPORT WARD 12 DIST 2,375,63,76,139,126,22,148,1,0,1,0,0,0,288
MCKEESPORT WARD 12 DIST 3,559,76,134,210,200,52,252,2,2,4,1,0,1,467
MCKEES ROCKS WARD 1 DIST 1,240,46,10,56,7,1,8,1,0,1,0,0,0,65
MCKEES ROCKS WARD 1 DIST 2,555,113,102,215,65,17,82,7,3,10,1,0,1,308
MCKEES ROCKS WARD 2 DIST 1,664,134,85,219,101,23,124,4,0,4,1,0,1,348
MCKEES ROCKS WARD 2 DIST 2,566,113,84,197,75,9,84,3,1,4,2,0,2,287
MCKEES ROCKS WARD 3 DIST 1,720,92,166,258,152,49,201,3,1,4,0,1,1,464
MCKEES ROCKS WARD 3 DIST 2,556,106,92,198,86,17,103,3,3,6,0,0,0,307
MCKEES ROCKS WARD 3 DIST 3,528,108,107,215,71,26,97,2,0,2,0,0,0,314
MILLVALE DIST 1,510,114,104,218,111,15,126,3,2,5,0,0,0,349
MILLVALE DIST 2,470,88,80,168,116,19,135,5,2,7,1,1,2,312
MILLVALE DIST 3,453,88,116,204,83,20,103,3,0,3,0,0,0,310
MILLVALE DIST 4,453,92,81,173,112,25,137,7,2,9,0,2,2,321
MILLVALE DIST 5,517,106,125,231,121,33,154,2,2,4,1,0,1,390
MONROEVILLE WARD 1 DIST 1,692,86,174,260,194,54,248,5,6,11,0,2,2,521
MONROEVILLE WARD 1 DIST 2,656,65,205,270,192,74,266,2,1,3,0,1,1,540
MONROEVILLE WARD 1 DIST 3,830,100,339,439,180,73,253,3,2,5,1,1,2,699
MONROEVILLE WARD 1 DIST 4,931,155,259,414,120,64,184,4,7,11,2,1,3,612
MONROEVILLE WARD 2 DIST 1,937,146,300,446,227,94,321,2,2,4,3,0,3,774
MONROEVILLE WARD 2 DIST 2,1016,120,361,481,235,109,344,13,2,15,3,3,6,846
MONROEVILLE WARD 2 DIST 3,1082,138,355,493,251,119,370,5,3,8,0,0,0,871
MONROEVILLE WARD 3 DIST 1,1241,115,367,482,315,150,465,5,6,11,1,3,4,962
MONROEVILLE WARD 3 DIST 2,632,79,166,245,201,58,259,3,3,6,1,2,3,513
MONROEVILLE WARD 3 DIST 3,1002,116,368,484,247,103,350,4,3,7,0,2,2,843
MONROEVILLE WARD 3 DIST 4,443,59,150,209,105,50,155,3,0,3,1,1,2,369
MONROEVILLE WARD 4 DIST 1,661,85,190,275,180,75,255,5,4,9,1,0,1,540
MONROEVILLE WARD 4 DIST 2,1036,143,263,406,296,89,385,8,3,11,0,1,1,803
MONROEVILLE WARD 4 DIST 3,974,124,276,400,284,91,375,9,3,12,0,0,0,787
MONROEVILLE WARD 5 DIST 1,586,90,137,227,185,45,230,3,1,4,2,0,2,463
MONROEVILLE WARD 5 DIST 2,904,118,290,408,128,53,181,2,4,6,0,0,0,595
MONROEVILLE WARD 5 DIST 3,947,104,269,373,206,83,289,5,3,8,0,1,1,671
MONROEVILLE WARD 5 DIST 4,695,95,178,273,113,51,164,1,2,3,1,0,1,441
MONROEVILLE WARD 6 DIST 1,837,109,233,342,253,69,322,4,2,6,1,1,2,672
MONROEVILLE WARD 6 DIST 2,895,112,256,368,206,75,281,4,3,7,1,1,2,658
MONROEVILLE WARD 6 DIST 3,1122,188,290,478,173,46,219,8,1,9,0,2,2,708
MONROEVILLE WARD 6 DIST 4,377,37,129,166,41,33,74,1,0,1,0,1,1,242
MONROEVILLE WARD 7 DIST 1,1384,206,478,684,267,134,401,13,3,16,3,0,3,1104
MONROEVILLE WARD 7 DIST 2,853,171,262,433,167,46,213,2,4,6,0,0,0,652
MONROEVILLE WARD 7 DIST 3,610,92,184,276,149,40,189,2,3,5,2,1,3,473
MOON DIST 1,1248,151,246,397,282,77,359,4,1,5,0,3,3,764
MOON DIST 2,1851,209,524,733,537,198,735,11,7,18,1,6,7,1493
MOON DIST 3,1447,179,362,541,366,104,470,15,6,21,4,3,7,1039
MOON DIST 4,782,104,185,289,266,73,339,4,3,7,0,0,0,635
MOON DIST 5,2535,251,701,952,787,285,1072,14,10,24,4,0,4,2052
MOON DIST 6,2408,290,563,853,803,259,1062,6,9,15,5,4,9,1939
MOON DIST 7,1604,191,401,592,383,127,510,19,8,27,2,1,3,1132
MOON DIST 8,1054,129,273,402,321,104,425,5,2,7,1,0,1,835
MOON DIST 9,2026,179,479,658,607,215,822,9,7,16,3,3,6,1502
MOON DIST 10,786,129,180,309,246,64,310,3,1,4,3,2,5,628
MOON DIST 11,1373,163,343,506,440,144,584,9,7,16,2,2,4,1110
MOON DIST 12,1035,142,274,416,353,78,431,9,6,15,0,1,1,863
MOON DIST 13,718,85,152,237,254,69,323,5,4,9,2,2,4,573
MT LEBANON WARD 1 DIST 1,835,117,308,425,177,64,241,2,2,4,3,2,5,675
MT LEBANON WARD 1 DIST 2,682,146,257,403,112,21,133,1,1,2,0,0,0,538
MT LEBANON WARD 1 DIST 3,656,128,274,402,100,48,148,5,3,8,1,1,2,560
MT LEBANON WARD 1 DIST 4,782,115,333,448,165,45,210,5,2,7,1,1,2,667
MT LEBANON WARD 1 DIST 5,631,121,248,369,124,26,150,2,2,4,1,0,1,524
MT LEBANON WARD 1 DIST 6,1084,153,387,540,186,107,293,4,1,5,1,1,2,840
MT LEBANON WARD 1 DIST 7,767,120,305,425,125,47,172,6,4,10,1,2,3,610
MT LEBANON WARD 2 DIST 1,995,140,419,559,178,64,242,7,6,13,0,1,1,815
MT LEBANON WARD 2 DIST 2,600,105,211,316,106,47,153,3,2,5,1,1,2,476
MT LEBANON WARD 2 DIST 3,718,117,308,425,113,40,153,1,2,3,3,0,3,584
MT LEBANON WARD 2 DIST 4,580,98,251,349,91,34,125,4,0,4,1,1,2,480
MT LEBANON WARD 2 DIST 5,576,86,234,320,111,40,151,2,2,4,0,1,1,476
MT LEBANON WARD 2 DIST 6,586,88,230,318,123,49,172,4,1,5,1,3,4,499
MT LEBANON WARD 2 DIST 7,656,106,267,373,141,38,179,2,4,6,4,0,4,562
MT LEBANON WARD 2 DIST 8,1021,99,385,484,163,137,300,0,3,3,3,3,6,793
MT LEBANON WARD 3 DIST 1,656,100,258,358,134,47,181,4,2,6,3,2,5,550
MT LEBANON WARD 3 DIST 2,895,170,365,535,176,46,222,5,3,8,0,5,5,770
MT LEBANON WARD 3 DIST 3,715,85,280,365,154,62,216,3,1,4,2,1,3,588
MT LEBANON WARD 3 DIST 4,761,123,244,367,134,58,192,3,8,11,1,3,4,574
MT LEBANON WARD 3 DIST 5,705,135,256,391,145,48,193,3,1,4,1,2,3,591
MT LEBANON WARD 3 DIST 6,466,99,181,280,99,19,118,3,1,4,0,2,2,404
MT LEBANON WARD 3 DIST 7,878,96,319,415,177,104,281,1,1,2,1,3,4,702
MT LEBANON WARD 3 DIST 8,322,54,103,157,77,27,104,0,1,1,0,0,0,262
MT LEBANON WARD 4 DIST 1,802,120,278,398,140,47,187,3,5,8,0,3,3,596
MT LEBANON WARD 4 DIST 2,904,182,334,516,158,42,200,3,5,8,0,3,3,727
MT LEBANON WARD 4 DIST 3,757,114,256,370,134,66,200,8,0,8,2,2,4,582
MT LEBANON WARD 4 DIST 4,665,108,235,343,162,56,218,3,1,4,2,3,5,570
MT LEBANON WARD 4 DIST 5,657,132,238,370,145,44,189,3,1,4,0,2,2,565
MT LEBANON WARD 4 DIST 6,690,132,259,391,133,45,178,6,3,9,0,0,0,578
MT LEBANON WARD 4 DIST 7,868,133,346,479,129,67,196,2,1,3,0,1,1,679
MT LEBANON WARD 5 DIST 1,608,108,222,330,112,45,157,3,4,7,0,2,2,496
MT LEBANON WARD 5 DIST 2,467,70,141,211,67,31,98,1,3,4,0,0,0,313
MT LEBANON WARD 5 DIST 3,617,98,244,342,111,30,141,3,1,4,1,0,1,488
MT LEBANON WARD 5 DIST 4,612,102,235,337,134,36,170,1,2,3,1,0,1,511
MT LEBANON WARD 5 DIST 5,644,109,281,390,104,42,146,4,4,8,0,0,0,544
MT LEBANON WARD 5 DIST 6,487,84,192,276,89,33,122,2,1,3,0,2,2,403
MT LEBANON WARD 5 DIST 7,795,152,320,472,128,54,182,8,1,9,0,0,0,663
MT LEBANON WARD 5 DIST 8,985,155,387,542,156,48,204,6,3,9,1,2,3,758
MT OLIVER DIST 1,722,154,121,275,69,22,91,4,2,6,2,1,3,375
MT OLIVER DIST 2,746,176,128,304,90,21,111,3,1,4,0,1,1,420
MT OLIVER DIST 3,493,95,89,184,80,26,106,4,0,4,0,1,1,295
MT OLIVER DIST 4,318,54,73,127,59,14,73,1,0,1,1,0,1,202
MUNHALL DIST 1,476,59,109,168,101,22,123,1,1,2,0,0,0,293
MUNHALL DIST 2,508,109,127,236,46,24,70,2,0,2,1,0,1,309
MUNHALL DIST 3,500,144,95,239,47,15,62,3,1,4,2,0,2,307
MUNHALL DIST 4,439,124,104,228,52,33,85,1,2,3,0,3,3,319
MUNHALL DIST 5,739,122,201,323,205,53,258,5,2,7,1,2,3,591
MUNHALL DIST 6,729,126,176,302,206,37,243,5,3,8,2,3,5,558
MUNHALL DIST 7,1186,160,345,505,296,89,385,8,5,13,2,0,2,905
MUNHALL DIST 8,660,90,180,270,213,59,272,7,0,7,1,1,2,551
MUNHALL DIST 9,734,144,168,312,194,34,228,6,2,8,0,0,0,548
MUNHALL DIST 10,536,93,119,212,160,25,185,3,0,3,0,0,0,400
MUNHALL DIST 11,950,119,303,422,282,72,354,6,5,11,0,1,1,788
MUNHALL DIST 12,549,94,126,220,192,50,242,1,1,2,1,1,2,466
NEVILLE WARD 1,268,37,34,71,104,13,117,1,2,3,1,0,1,192
NEVILLE WARD 2,231,38,37,75,53,12,65,1,1,2,0,0,0,142
NEVILLE WARD 3,265,65,55,120,80,15,95,3,0,3,0,0,0,218
N BRADDOCK WARD 1 DIST 1,219,36,74,110,37,20,57,5,0,5,0,1,1,173
N BRADDOCK WARD 1 DIST 2,509,103,104,207,84,38,122,2,3,5,0,1,1,335
N BRADDOCK WARD 1 DIST 3,531,127,105,232,56,19,75,2,1,3,1,1,2,312
N BRADDOCK WARD 2 DIST 1,437,101,80,181,39,10,49,1,2,3,1,0,1,234
N BRADDOCK WARD 2 DIST 2,591,144,141,285,65,16,81,1,1,2,1,0,1,369
N BRADDOCK WARD 3 DIST 1,413,123,109,232,10,3,13,1,1,2,0,1,1,248
N BRADDOCK WARD 3 DIST 2,496,139,92,231,19,18,37,1,0,1,0,1,1,270
N FAYETTE DIST 1,2176,188,491,679,845,216,1061,10,8,18,2,1,3,1761
N FAYETTE DIST 2,2543,298,594,892,700,212,912,22,9,31,4,3,7,1842
N FAYETTE DIST 3,2436,255,644,899,703,229,932,4,8,12,1,5,6,1849
N FAYETTE DIST 4,1128,107,197,304,365,88,453,6,3,9,3,0,3,769
N FAYETTE DIST 5,2829,305,658,963,940,291,1231,14,9,23,3,1,4,2221
N VERSAILLES WARD 1 DIST 1,671,112,138,250,204,51,255,3,3,6,0,3,3,514
N VERSAILLES WARD 1 DIST 2,650,96,156,252,218,37,255,2,0,2,1,1,2,511
N VERSAILLES WARD 2 DIST 1,669,104,147,251,204,40,244,3,0,3,1,1,2,500
N VERSAILLES WARD 2 DIST 2,197,33,48,81,55,11,66,0,0,0,1,0,1,148
N VERSAILLES WARD 3 DIST 1,506,75,124,199,156,36,192,3,2,5,1,0,1,397
N VERSAILLES WARD 3 DIST 2,624,79,162,241,130,65,195,3,1,4,1,0,1,441
N VERSAILLES WARD 4 DIST 1,507,87,86,173,160,20,180,1,0,1,0,0,0,354
N VERSAILLES WARD 4 DIST 2,402,61,75,136,133,26,159,8,3,11,2,0,2,308
N VERSAILLES WARD 5 DIST 1,571,90,110,200,103,24,127,2,0,2,3,0,3,332
N VERSAILLES WARD 5 DIST 2,400,64,82,146,74,33,107,1,0,1,0,1,1,255
N VERSAILLES WARD 6 DIST 1,648,77,145,222,235,44,279,5,3,8,0,2,2,511
N VERSAILLES WARD 6 DIST 2,562,83,129,212,189,41,230,6,1,7,0,1,1,450
N VERSAILLES WARD 7,676,170,155,325,54,34,88,4,1,5,0,0,0,418
OAKDALE DIST 1,612,118,94,212,246,30,276,7,1,8,0,0,0,496
OAKDALE DIST 2,451,69,100,169,171,33,204,3,0,3,1,0,1,377
OAKMONT DIST 1,858,143,263,406,247,47,294,10,3,13,1,2,3,716
OAKMONT DIST 2,1094,148,324,472,271,108,379,1,2,3,3,3,6,860
OAKMONT DIST 3,770,170,183,353,221,39,260,4,1,5,1,0,1,619
OAKMONT DIST 4,898,174,234,408,230,68,298,8,3,11,1,0,1,718
OAKMONT DIST 5,712,135,197,332,161,49,210,3,2,5,2,2,4,551
OAKMONT DIST 6,1266,156,411,567,338,110,448,6,3,9,0,1,1,1025
OHARA WARD 1 DIST 1,1075,112,389,501,190,100,290,3,2,5,2,0,2,798
OHARA WARD 1 DIST 2,652,87,231,318,151,51,202,4,4,8,0,0,0,528
OHARA WARD 2 DIST 1,626,114,219,333,146,34,180,3,4,7,0,0,0,520
OHARA WARD 2 DIST 2,937,114,307,421,241,72,313,4,4,8,1,3,4,746
OHARA WARD 3 DIST 1,669,128,201,329,185,45,230,4,2,6,1,0,1,566
OHARA WARD 3 DIST 2,597,82,154,236,189,48,237,6,0,6,1,0,1,480
OHARA WARD 4 DIST 1,582,68,237,305,77,60,137,1,2,3,1,0,1,446
OHARA WARD 4 DIST 2,789,135,341,476,154,37,191,2,2,4,0,2,2,673
OHARA WARD 5 DIST 1,755,127,246,373,159,64,223,5,7,12,1,1,2,610
OHARA WARD 5 DIST 2,893,126,367,493,166,59,225,6,1,7,1,3,4,729
OHIO DIST 1,1446,206,400,606,436,149,585,2,5,7,1,2,3,1201
OHIO DIST 2,1815,150,625,775,543,239,782,4,12,16,1,3,4,1577
OHIO DIST 3,2130,309,637,946,531,193,724,17,14,31,3,1,4,1705
GLEN OSBORNE,462,107,117,224,118,33,151,3,2,5,0,0,0,380
PENN HILLS WARD 1 DIST 1,745,122,314,436,9,3,12,3,6,9,0,0,0,457
PENN HILLS WARD 1 DIST 2,737,173,303,476,24,20,44,0,0,0,2,1,3,523
PENN HILLS WARD 1 DIST 3,498,114,157,271,7,5,12,1,0,1,1,0,1,285
PENN HILLS WARD 1 DIST 4,328,62,122,184,7,2,9,0,1,1,0,0,0,194
PENN HILLS WARD 1 DIST 5,207,55,67,122,0,2,2,1,1,2,0,0,0,126
PENN HILLS WARD 2 DIST 1,718,140,273,413,32,17,49,2,0,2,1,0,1,465
PENN HILLS WARD 2 DIST 2,743,180,252,432,30,15,45,0,1,1,2,0,2,480
PENN HILLS WARD 2 DIST 3,856,203,298,501,69,42,111,2,4,6,0,1,1,619
PENN HILLS WARD 2 DIST 4,594,106,290,396,42,23,65,6,3,9,4,3,7,477
PENN HILLS WARD 3 DIST 1,758,108,269,377,128,53,181,6,2,8,2,1,3,569
PENN HILLS WARD 3 DIST 2,518,106,190,296,52,25,77,0,1,1,2,1,3,377
PENN HILLS WARD 3 DIST 3,656,106,285,391,53,29,82,2,0,2,2,1,3,478
PENN HILLS WARD 3 DIST 4,835,156,287,443,88,43,131,4,3,7,1,2,3,584
PENN HILLS WARD 3 DIST 5,453,79,134,213,41,20,61,5,1,6,1,3,4,284
PENN HILLS WARD 3 DIST 6,492,94,137,231,74,44,118,1,5,6,0,0,0,355
PENN HILLS WARD 4 DIST 1,557,83,227,310,57,30,87,4,1,5,2,1,3,405
PENN HILLS WARD 4 DIST 2,737,134,224,358,93,35,128,2,4,6,3,0,3,495
PENN HILLS WARD 4 DIST 3,774,122,266,388,110,55,165,4,0,4,2,3,5,562
PENN HILLS WARD 4 DIST 4,598,100,210,310,74,46,120,2,3,5,3,2,5,440
PENN HILLS WARD 4 DIST 5,592,100,226,326,80,38,118,1,1,2,1,0,1,447
PENN HILLS WARD 5 DIST 1,753,141,243,384,111,31,142,2,3,5,1,3,4,535
PENN HILLS WARD 5 DIST 2,609,117,164,281,86,35,121,1,0,1,0,1,1,404
PENN HILLS WARD 5 DIST 3,696,131,232,363,103,77,180,1,2,3,0,3,3,549
PENN HILLS WARD 5 DIST 4,624,115,213,328,124,58,182,3,1,4,0,2,2,516
PENN HILLS WARD 5 DIST 5,524,91,204,295,83,29,112,2,0,2,1,2,3,412
PENN HILLS WARD 5 DIST 6,713,111,230,341,108,65,173,4,5,9,0,0,0,523
PENN HILLS WARD 6 DIST 1,590,99,149,248,117,44,161,5,1,6,0,0,0,415
PENN HILLS WARD 6 DIST 2,662,145,188,333,80,45,125,3,2,5,1,2,3,466
PENN HILLS WARD 6 DIST 3,547,92,203,295,75,33,108,5,3,8,2,0,2,413
PENN HILLS WARD 6 DIST 4,591,143,194,337,38,14,52,2,0,2,2,0,2,393
PENN HILLS WARD 6 DIST 5,624,131,221,352,63,29,92,3,2,5,2,2,4,453
PENN HILLS WARD 6 DIST 6,579,101,197,298,88,43,131,1,7,8,0,0,0,437
PENN HILLS WARD 7 DIST 1,655,129,262,391,75,20,95,1,1,2,0,1,1,489
PENN HILLS WARD 7 DIST 2,668,83,189,272,123,55,178,2,0,2,2,0,2,454
PENN HILLS WARD 7 DIST 3,917,155,331,486,115,63,178,6,3,9,2,0,2,675
PENN HILLS WARD 7 DIST 4,628,86,188,274,151,51,202,5,1,6,0,2,2,484
PENN HILLS WARD 7 DIST 5,725,128,249,377,113,55,168,5,4,9,1,4,5,559
PENN HILLS WARD 7 DIST 6,742,142,228,370,118,34,152,8,1,9,2,1,3,534
PENN HILLS WARD 7 DIST 7,709,92,152,244,181,54,235,2,2,4,1,2,3,486
PENN HILLS WARD 8 DIST 1,659,83,202,285,157,80,237,1,3,4,1,0,1,527
PENN HILLS WARD 8 DIST 2,560,82,136,218,171,43,214,5,1,6,0,0,0,438
PENN HILLS WARD 8 DIST 3,536,66,155,221,148,56,204,4,0,4,2,0,2,431
PENN HILLS WARD 8 DIST 4,652,77,207,284,162,74,236,4,5,9,0,0,0,529
PENN HILLS WARD 8 DIST 5,922,116,273,389,173,118,291,8,6,14,2,1,3,697
PENN HILLS WARD 8 DIST 6,478,48,159,207,126,54,180,2,3,5,1,0,1,393
PENN HILLS WARD 9 DIST 1,513,72,162,234,136,57,193,1,5,6,1,0,1,434
PENN HILLS WARD 9 DIST 2,585,80,180,260,132,49,181,2,2,4,0,0,0,445
PENN HILLS WARD 9 DIST 3,854,106,256,362,205,72,277,3,7,10,4,1,5,654
PENN HILLS WARD 9 DIST 4,606,98,173,271,162,55,217,4,2,6,0,0,0,494
PENN HILLS WARD 9 DIST 5,296,58,124,182,13,5,18,0,0,0,0,0,0,200
PINE DIST 1,1446,156,396,552,402,187,589,4,6,10,1,2,3,1154
PINE DIST 2,2044,158,573,731,642,275,917,8,11,19,2,4,6,1673
PINE DIST 3,464,43,126,169,156,45,201,2,1,3,1,0,1,374
PINE DIST 4,1407,173,379,552,398,194,592,11,2,13,2,2,4,1161
PINE DIST 5,1971,205,565,770,549,206,755,8,5,13,2,1,3,1541
PINE DIST 6,831,87,229,316,273,92,365,3,3,6,2,3,5,692
PINE DIST 7,1478,178,406,584,450,130,580,10,7,17,0,3,3,1184
PINE DIST 8,1138,114,289,403,377,121,498,7,3,10,1,3,4,915
PITCAIRN DIST 1,894,166,135,301,187,41,228,5,3,8,1,1,2,539
PITCAIRN DIST 2,466,91,44,135,93,16,109,2,2,4,0,0,0,248
PITCAIRN DIST 3,645,113,89,202,235,42,277,8,1,9,0,2,2,490
PITTSBURGH WARD 1 DIST 1,2993,222,503,725,121,65,186,8,4,12,3,1,4,927
PITTSBURGH WARD 1 DIST 2,658,83,186,269,26,12,38,1,0,1,0,3,3,311
PITTSBURGH WARD 2 DIST 1,2162,292,794,1086,286,130,416,6,11,17,2,4,6,1525
PITTSBURGH WARD 2 DIST 2,1591,203,594,797,205,99,304,9,9,18,1,3,4,1123
PITTSBURGH WARD 3 DIST 1,259,56,94,150,1,1,2,0,1,1,0,0,0,153
PITTSBURGH WARD 3 DIST 2,665,188,261,449,11,5,16,1,0,1,1,0,1,467
PITTSBURGH WARD 3 DIST 3,355,104,115,219,6,1,7,0,0,0,1,1,2,228
PITTSBURGH WARD 3 DIST 4,493,78,151,229,24,10,34,0,1,1,0,0,0,264
PITTSBURGH WARD 3 DIST 5,490,89,148,237,21,8,29,3,1,4,0,0,0,270
PITTSBURGH WARD 4 DIST 1,261,35,43,78,3,1,4,0,0,0,1,1,2,84
PITTSBURGH WARD 4 DIST 2,748,143,179,322,27,21,48,2,0,2,0,3,3,375
PITTSBURGH WARD 4 DIST 3,354,96,89,185,4,3,7,0,0,0,0,0,0,192
PITTSBURGH WARD 4 DIST 4,229,58,60,118,9,1,10,1,1,2,0,0,0,130
PITTSBURGH WARD 4 DIST 5,916,209,163,372,41,6,47,2,0,2,2,2,4,425
PITTSBURGH WARD 4 DIST 6,759,138,145,283,31,9,40,3,1,4,1,0,1,328
PITTSBURGH WARD 4 DIST 7,2217,441,382,823,98,29,127,3,0,3,5,2,7,960
PITTSBURGH WARD 4 DIST 8,2409,380,280,660,74,19,93,6,4,10,7,0,7,770
PITTSBURGH WARD 4 DIST 9,884,170,310,480,44,29,73,0,0,0,2,1,3,556
PITTSBURGH WARD 4 DIST 10,609,94,188,282,20,12,32,2,1,3,0,1,1,318
PITTSBURGH WARD 4 DIST 11,567,63,284,347,37,33,70,0,2,2,0,0,0,419
PITTSBURGH WARD 4 DIST 12,663,62,229,291,25,17,42,0,0,0,4,2,6,339
PITTSBURGH WARD 4 DIST 13,646,89,155,244,32,5,37,3,1,4,0,1,1,286
PITTSBURGH WARD 4 DIST 14,1403,291,251,542,49,9,58,4,4,8,1,0,1,609
PITTSBURGH WARD 4 DIST 15,1023,200,245,445,39,8,47,3,0,3,2,2,4,499
PITTSBURGH WARD 4 DIST 16,1479,324,324,648,74,13,87,6,5,11,3,2,5,751
PITTSBURGH WARD 4 DIST 17,630,174,177,351,36,16,52,2,4,6,2,0,2,411
PITTSBURGH WARD 4 DIST 18,703,165,170,335,37,16,53,2,2,4,3,1,4,396
PITTSBURGH WARD 4 DIST 19,295,54,63,117,10,4,14,0,1,1,0,0,0,132
PITTSBURGH WARD 5 DIST 1,268,79,73,152,3,2,5,0,0,0,1,0,1,158
PITTSBURGH WARD 5 DIST 2,374,95,129,224,3,1,4,0,0,0,0,0,0,228
PITTSBURGH WARD 5 DIST 3,149,43,46,89,0,1,1,0,0,0,0,0,0,90
PITTSBURGH WARD 5 DIST 4,283,65,66,131,4,0,4,0,0,0,0,0,0,135
PITTSBURGH WARD 5 DIST 5,214,41,75,116,2,3,5,0,0,0,0,1,1,122
PITTSBURGH WARD 5 DIST 6,548,110,90,200,2,3,5,1,0,1,0,0,0,206
PITTSBURGH WARD 5 DIST 7,409,89,133,222,4,5,9,2,0,2,0,0,0,233
PITTSBURGH WARD 5 DIST 8,441,96,151,247,13,3,16,1,0,1,0,1,1,265
PITTSBURGH WARD 5 DIST 9,1124,180,366,546,43,31,74,3,2,5,2,3,5,630
PITTSBURGH WARD 5 DIST 10,464,132,133,265,10,6,16,1,1,2,1,1,2,285
PITTSBURGH WARD 5 DIST 11,361,84,107,191,3,6,9,3,0,3,0,0,0,203
PITTSBURGH WARD 5 DIST 12,367,120,106,226,4,2,6,0,0,0,0,0,0,232
PITTSBURGH WARD 5 DIST 13,259,67,78,145,3,0,3,3,0,3,0,0,0,151
PITTSBURGH WARD 5 DIST 14,265,44,101,145,2,2,4,0,0,0,2,0,2,151
PITTSBURGH WARD 5 DIST 15,250,63,61,124,2,0,2,0,1,1,0,0,0,127
PITTSBURGH WARD 5 DIST 16,186,42,43,85,2,2,4,1,0,1,0,0,0,90
PITTSBURGH WARD 5 DIST 17,249,58,86,144,4,2,6,0,1,1,1,0,1,152
PITTSBURGH WARD 5 DIST 18,65,15,23,38,3,1,4,0,0,0,0,0,0,42
PITTSBURGH WARD 6 DIST 1,1127,191,469,660,93,41,134,11,5,16,0,4,4,814
PITTSBURGH WARD 6 DIST 2,621,117,244,361,56,18,74,2,1,3,0,2,2,440
PITTSBURGH WARD 6 DIST 3,782,139,303,442,50,30,80,6,2,8,0,1,1,531
PITTSBURGH WARD 6 DIST 4,563,113,203,316,69,22,91,2,1,3,0,2,2,412
PITTSBURGH WARD 6 DIST 5,501,105,200,305,40,10,50,2,1,3,4,0,4,362
PITTSBURGH WARD 7 DIST 1,655,97,216,313,52,23,75,0,0,0,2,1,3,391
PITTSBURGH WARD 7 DIST 2,1073,160,443,603,104,45,149,2,0,2,0,1,1,755
PITTSBURGH WARD 7 DIST 3,771,120,303,423,23,20,43,2,3,5,1,0,1,472
PITTSBURGH WARD 7 DIST 4,1201,190,415,605,77,28,105,2,1,3,1,6,7,720
PITTSBURGH WARD 7 DIST 5,823,145,274,419,44,23,67,5,3,8,1,0,1,495
PITTSBURGH WARD 7 DIST 6,741,140,271,411,37,29,66,1,3,4,0,2,2,483
PITTSBURGH WARD 7 DIST 7,787,110,278,388,57,19,76,4,2,6,3,1,4,474
PITTSBURGH WARD 7 DIST 8,773,133,256,389,46,24,70,2,6,8,0,3,3,470
PITTSBURGH WARD 7 DIST 9,853,143,340,483,50,22,72,1,8,9,0,1,1,565
PITTSBURGH WARD 7 DIST 10,1120,186,462,648,66,30,96,2,3,5,2,2,4,753
PITTSBURGH WARD 7 DIST 11,1246,180,501,681,66,41,107,1,6,7,3,2,5,800
PITTSBURGH WARD 7 DIST 12,1179,169,516,685,61,33,94,4,5,9,2,3,5,793
PITTSBURGH WARD 7 DIST 13,558,81,168,249,22,15,37,3,0,3,2,2,4,293
PITTSBURGH WARD 7 DIST 14,465,59,167,226,39,27,66,3,0,3,1,0,1,296
PITTSBURGH WARD 8 DIST 1,376,65,159,224,43,14,57,3,0,3,1,0,1,285
PITTSBURGH WARD 8 DIST 2,637,125,251,376,80,21,101,5,1,6,0,0,0,483
PITTSBURGH WARD 8 DIST 3,880,170,287,457,89,20,109,6,0,6,4,4,8,580
PITTSBURGH WARD 8 DIST 4,870,149,321,470,73,26,99,5,2,7,2,1,3,579
PITTSBURGH WARD 8 DIST 5,642,136,255,391,65,16,81,0,2,2,2,2,4,478
PITTSBURGH WARD 8 DIST 6,445,87,154,241,42,12,54,6,2,8,1,1,2,305
PITTSBURGH WARD 8 DIST 7,868,164,359,523,35,16,51,4,1,5,2,4,6,585
PITTSBURGH WARD 8 DIST 8,685,138,285,423,42,14,56,4,0,4,0,2,2,485
PITTSBURGH WARD 8 DIST 9,877,148,327,475,40,16,56,4,5,9,0,5,5,545
PITTSBURGH WARD 8 DIST 10,678,136,279,415,26,18,44,1,0,1,2,0,2,462
PITTSBURGH WARD 8 DIST 11,723,124,268,392,37,17,54,4,4,8,1,0,1,455
PITTSBURGH WARD 8 DIST 12,626,147,240,387,25,9,34,0,0,0,1,1,2,423
PITTSBURGH WARD 8 DIST 13,556,98,204,302,13,7,20,3,1,4,1,0,1,327
PITTSBURGH WARD 9 DIST 1,615,117,231,348,52,24,76,0,0,0,2,2,4,428
PITTSBURGH WARD 9 DIST 2,594,102,225,327,56,25,81,3,4,7,3,1,4,419
PITTSBURGH WARD 9 DIST 3,655,126,266,392,64,14,78,4,1,5,0,0,0,475
PITTSBURGH WARD 9 DIST 4,652,148,249,397,39,16,55,5,5,10,2,0,2,464
PITTSBURGH WARD 9 DIST 5,668,107,258,365,73,28,101,3,3,6,2,0,2,474
PITTSBURGH WARD 9 DIST 6,585,127,225,352,49,28,77,4,2,6,2,0,2,437
PITTSBURGH WARD 9 DIST 7,441,62,207,269,39,10,49,3,1,4,1,1,2,324
PITTSBURGH WARD 9 DIST 8,737,152,289,441,76,23,99,3,2,5,3,4,7,552
PITTSBURGH WARD 9 DIST 9,651,108,234,342,49,26,75,3,1,4,0,4,4,425
PITTSBURGH WARD 10 DIST 1,640,115,253,368,46,30,76,2,1,3,2,1,3,450
PITTSBURGH WARD 10 DIST 2,637,135,239,374,65,12,77,6,3,9,1,2,3,463
PITTSBURGH WARD 10 DIST 3,722,159,251,410,64,19,83,4,2,6,3,3,6,505
PITTSBURGH WARD 10 DIST 4,543,115,224,339,85,18,103,2,2,4,0,0,0,446
PITTSBURGH WARD 10 DIST 5,511,111,197,308,63,18,81,8,2,10,0,0,0,399
PITTSBURGH WARD 10 DIST 6,506,105,148,253,85,26,111,7,0,7,0,2,2,373
PITTSBURGH WARD 10 DIST 7,632,127,249,376,87,36,123,1,1,2,2,1,3,504
PITTSBURGH WARD 10 DIST 8,611,120,227,347,100,39,139,1,2,3,0,3,3,492
PITTSBURGH WARD 10 DIST 9,548,126,188,314,101,33,134,0,0,0,1,1,2,450
PITTSBURGH WARD 10 DIST 10,600,119,270,389,85,30,115,2,3,5,1,1,2,511
PITTSBURGH WARD 10 DIST 11,645,121,268,389,91,19,110,2,2,4,1,2,3,506
PITTSBURGH WARD 10 DIST 12,565,131,236,367,17,14,31,1,1,2,3,1,4,404
PITTSBURGH WARD 10 DIST 13,567,152,219,371,44,19,63,2,1,3,3,0,3,440
PITTSBURGH WARD 10 DIST 14,570,156,239,395,34,4,38,3,1,4,2,0,2,439
PITTSBURGH WARD 10 DIST 15,381,96,129,225,8,5,13,0,0,0,0,1,1,239
PITTSBURGH WARD 10 DIST 16,328,85,85,170,3,3,6,0,0,0,1,0,1,177
PITTSBURGH WARD 10 DIST 17,469,116,169,285,16,6,22,2,1,3,1,1,2,312
PITTSBURGH WARD 10 DIST 18,536,141,195,336,18,3,21,3,1,4,1,1,2,363
PITTSBURGH WARD 10 DIST 19,463,146,153,299,8,2,10,1,1,2,0,0,0,311
PITTSBURGH WARD 11 DIST 1,637,130,281,411,28,15,43,1,0,1,1,3,4,459
PITTSBURGH WARD 11 DIST 2,577,108,233,341,16,4,20,1,0,1,2,1,3,365
PITTSBURGH WARD 11 DIST 3,439,91,174,265,6,4,10,0,0,0,0,0,0,275
PITTSBURGH WARD 11 DIST 4,512,95,193,288,11,5,16,1,0,1,1,1,2,307
PITTSBURGH WARD 11 DIST 5,577,139,199,338,20,8,28,0,2,2,1,2,3,371
PITTSBURGH WARD 11 DIST 6,873,178,363,541,31,19,50,4,2,6,2,7,9,606
PITTSBURGH WARD 11 DIST 7,675,95,354,449,46,21,67,1,3,4,3,0,3,523
PITTSBURGH WARD 11 DIST 8,544,94,224,318,32,15,47,2,2,4,1,0,1,370
PITTSBURGH WARD 11 DIST 9,670,147,311,458,27,22,49,0,1,1,0,2,2,510
PITTSBURGH WARD 11 DIST 10,561,99,301,400,47,13,60,1,1,2,1,0,1,463
PITTSBURGH WARD 11 DIST 11,668,107,317,424,34,9,43,1,1,2,1,3,4,473
PITTSBURGH WARD 11 DIST 12,712,137,349,486,33,18,51,2,1,3,1,1,2,542
PITTSBURGH WARD 11 DIST 13,715,149,343,492,29,20,49,0,2,2,1,2,3,546
PITTSBURGH WARD 11 DIST 14,627,153,199,352,10,7,17,0,1,1,1,1,2,372
PITTSBURGH WARD 11 DIST 15,370,73,81,154,5,1,6,1,1,2,0,0,0,162
PITTSBURGH WARD 11 DIST 16,602,106,242,348,26,11,37,8,1,9,1,3,4,398
PITTSBURGH WARD 11 DIST 17,707,172,257,429,17,8,25,3,1,4,2,1,3,461
PITTSBURGH WARD 11 DIST 18,522,110,184,294,13,4,17,3,0,3,0,1,1,315
PITTSBURGH WARD 12 DIST 1,226,53,49,102,4,1,5,0,0,0,0,0,0,107
PITTSBURGH WARD 12 DIST 2,299,104,52,156,4,0,4,0,0,0,0,1,1,161
PITTSBURGH WARD 12 DIST 3,159,54,31,85,1,0,1,2,1,3,0,0,0,89
PITTSBURGH WARD 12 DIST 4,324,99,74,173,6,3,9,0,2,2,0,0,0,184
PITTSBURGH WARD 12 DIST 5,143,43,29,72,6,1,7,0,0,0,1,0,1,80
PITTSBURGH WARD 12 DIST 6,215,63,39,102,3,4,7,1,0,1,0,0,0,110
PITTSBURGH WARD 12 DIST 7,319,88,79,167,3,5,8,0,0,0,0,0,0,175
PITTSBURGH WARD 12 DIST 8,200,70,33,103,3,1,4,0,0,0,0,0,0,107
PITTSBURGH WARD 12 DIST 9,303,58,83,141,3,1,4,0,0,0,0,0,0,145
PITTSBURGH WARD 12 DIST 10,423,120,131,251,5,5,10,1,2,3,0,0,0,264
PITTSBURGH WARD 12 DIST 11,456,116,134,250,3,2,5,2,1,3,0,2,2,260
PITTSBURGH WARD 12 DIST 12,627,102,164,266,8,16,24,1,0,1,0,1,1,292
PITTSBURGH WARD 12 DIST 13,399,108,123,231,3,3,6,1,0,1,0,0,0,238
PITTSBURGH WARD 12 DIST 14,319,93,80,173,6,3,9,0,0,0,0,0,0,182
PITTSBURGH WARD 12 DIST 15,560,162,186,348,5,3,8,1,0,1,2,0,2,359
PITTSBURGH WARD 12 DIST 16,382,77,137,214,3,4,7,0,0,0,3,2,5,226
PITTSBURGH WARD 13 DIST 1,321,94,91,185,2,1,3,2,1,3,0,1,1,192
PITTSBURGH WARD 13 DIST 2,364,103,64,167,9,4,13,1,1,2,0,0,0,182
PITTSBURGH WARD 13 DIST 3,309,96,70,166,4,0,4,0,1,1,1,0,1,172
PITTSBURGH WARD 13 DIST 4,303,77,78,155,0,2,2,1,0,1,0,0,0,158
PITTSBURGH WARD 13 DIST 5,316,76,87,163,8,0,8,2,0,2,0,0,0,173
PITTSBURGH WARD 13 DIST 6,365,111,69,180,2,1,3,2,0,2,0,0,0,185
PITTSBURGH WARD 13 DIST 7,372,98,67,165,5,2,7,2,0,2,1,1,2,176
PITTSBURGH WARD 13 DIST 8,298,76,77,153,4,0,4,1,0,1,1,0,1,159
PITTSBURGH WARD 13 DIST 9,284,68,68,136,5,1,6,0,0,0,0,0,0,142
PITTSBURGH WARD 13 DIST 10,179,50,34,84,5,2,7,1,1,2,2,0,2,95
PITTSBURGH WARD 13 DIST 11,395,112,56,168,6,1,7,1,1,2,0,1,1,178
PITTSBURGH WARD 13 DIST 12,386,114,113,227,1,4,5,0,0,0,0,0,0,232
PITTSBURGH WARD 13 DIST 13,264,71,44,115,2,0,2,0,0,0,0,0,0,117
PITTSBURGH WARD 13 DIST 14,263,66,53,119,5,1,6,0,0,0,0,0,0,125
PITTSBURGH WARD 13 DIST 15,300,90,61,151,5,2,7,2,0,2,1,0,1,161
PITTSBURGH WARD 13 DIST 16,291,70,76,146,5,3,8,1,0,1,0,0,0,155
PITTSBURGH WARD 13 DIST 17,832,218,177,395,13,4,17,1,0,1,1,0,1,414
PITTSBURGH WARD 13 DIST 18,239,66,19,85,5,1,6,0,0,0,2,0,2,93
PITTSBURGH WARD 13 DIST 19,486,140,210,350,3,3,6,0,1,1,0,0,0,357
PITTSBURGH WARD 14 DIST 1,846,119,293,412,27,13,40,0,1,1,3,2,5,458
PITTSBURGH WARD 14 DIST 2,1218,127,249,376,27,24,51,1,4,5,1,0,1,433
PITTSBURGH WARD 14 DIST 3,913,137,432,569,44,23,67,2,1,3,4,0,4,643
PITTSBURGH WARD 14 DIST 4,803,82,438,520,45,22,67,1,1,2,1,0,1,590
PITTSBURGH WARD 14 DIST 5,835,118,432,550,44,28,72,2,3,5,1,1,2,629
PITTSBURGH WARD 14 DIST 6,596,93,189,282,38,26,64,3,0,3,1,1,2,351
PITTSBURGH WARD 14 DIST 7,3533,291,443,734,47,17,64,3,1,4,2,1,3,805
PITTSBURGH WARD 14 DIST 8,830,136,347,483,50,20,70,2,1,3,1,2,3,559
PITTSBURGH WARD 14 DIST 9,779,100,445,545,67,28,95,1,4,5,2,1,3,648
PITTSBURGH WARD 14 DIST 10,732,112,396,508,38,29,67,4,2,6,2,0,2,583
PITTSBURGH WARD 14 DIST 11,833,125,440,565,63,30,93,3,0,3,1,2,3,664
PITTSBURGH WARD 14 DIST 12,837,153,347,500,26,16,42,2,2,4,1,5,6,552
PITTSBURGH WARD 14 DIST 13,759,140,397,537,19,12,31,2,1,3,1,0,1,572
PITTSBURGH WARD 14 DIST 14,873,129,442,571,45,23,68,2,1,3,2,1,3,645
PITTSBURGH WARD 14 DIST 15,776,120,368,488,30,11,41,5,4,9,1,2,3,541
PITTSBURGH WARD 14 DIST 16,492,63,270,333,46,25,71,2,0,2,0,2,2,408
PITTSBURGH WARD 14 DIST 17,473,83,259,342,28,16,44,0,1,1,0,1,1,388
PITTSBURGH WARD 14 DIST 18,745,116,410,526,39,19,58,2,1,3,0,2,2,589
PITTSBURGH WARD 14 DIST 19,615,106,338,444,33,19,52,2,1,3,1,0,1,500
PITTSBURGH WARD 14 DIST 20,643,73,324,397,39,28,67,1,3,4,0,5,5,473
PITTSBURGH WARD 14 DIST 21,605,110,288,398,47,18,65,1,1,2,1,2,3,468
PITTSBURGH WARD 14 DIST 22,745,126,408,534,25,14,39,1,3,4,4,1,5,582
PITTSBURGH WARD 14 DIST 23,715,86,376,462,50,30,80,1,2,3,0,5,5,550
PITTSBURGH WARD 14 DIST 24,577,64,305,369,31,18,49,3,4,7,2,1,3,428
PITTSBURGH WARD 14 DIST 25,972,104,491,595,83,62,145,7,7,14,2,1,3,757
PITTSBURGH WARD 14 DIST 26,597,82,306,388,66,17,83,1,1,2,2,0,2,475
PITTSBURGH WARD 14 DIST 27,532,117,223,340,77,27,104,3,2,5,0,2,2,451
PITTSBURGH WARD 14 DIST 28,543,113,183,296,113,45,158,3,1,4,1,0,1,459
PITTSBURGH WARD 14 DIST 29,804,129,378,507,58,25,83,7,2,9,2,2,4,603
PITTSBURGH WARD 14 DIST 30,689,84,358,442,57,28,85,7,1,8,0,4,4,539
PITTSBURGH WARD 14 DIST 31,1194,152,585,737,111,60,171,5,6,11,2,4,6,925
PITTSBURGH WARD 14 DIST 32,791,116,320,436,40,24,64,4,0,4,2,1,3,507
PITTSBURGH WARD 14 DIST 33,845,121,288,409,97,53,150,5,2,7,1,4,5,571
PITTSBURGH WARD 14 DIST 34,902,103,297,400,103,51,154,4,4,8,3,1,4,566
PITTSBURGH WARD 14 DIST 35,611,73,277,350,24,35,59,1,3,4,0,1,1,414
PITTSBURGH WARD 14 DIST 36,821,88,330,418,38,30,68,3,2,5,1,3,4,495
PITTSBURGH WARD 14 DIST 37,639,79,265,344,53,37,90,1,1,2,0,2,2,438
PITTSBURGH WARD 14 DIST 38,586,62,299,361,36,16,52,1,3,4,3,0,3,420
PITTSBURGH WARD 14 DIST 39,653,82,309,391,38,38,76,3,3,6,1,1,2,475
PITTSBURGH WARD 14 DIST 40,598,79,253,332,46,24,70,4,2,6,2,4,6,414
PITTSBURGH WARD 14 DIST 41,79,14,28,42,14,3,17,1,0,1,0,0,0,60
PITTSBURGH WARD 15 DIST 1,619,49,264,313,44,45,89,3,0,3,1,1,2,407
PITTSBURGH WARD 15 DIST 2,748,127,295,422,72,14,86,10,3,13,2,0,2,523
PITTSBURGH WARD 15 DIST 3,644,100,241,341,98,29,127,6,2,8,0,0,0,476
PITTSBURGH WARD 15 DIST 4,655,101,291,392,59,41,100,2,3,5,2,0,2,499
PITTSBURGH WARD 15 DIST 5,567,92,214,306,74,25,99,4,1,5,3,0,3,413
PITTSBURGH WARD 15 DIST 6,533,68,244,312,61,31,92,2,2,4,1,2,3,411
PITTSBURGH WARD 15 DIST 7,708,125,245,370,111,45,156,6,1,7,2,0,2,535
PITTSBURGH WARD 15 DIST 8,615,115,250,365,66,37,103,8,5,13,5,1,6,487
PITTSBURGH WARD 15 DIST 9,171,41,54,95,21,8,29,0,0,0,0,1,1,125
PITTSBURGH WARD 15 DIST 10,636,99,261,360,91,30,121,5,3,8,0,1,1,490
PITTSBURGH WARD 15 DIST 11,574,117,167,284,108,26,134,3,2,5,2,1,3,426
PITTSBURGH WARD 15 DIST 12,486,72,185,257,67,36,103,1,1,2,1,2,3,365
PITTSBURGH WARD 15 DIST 13,462,89,124,213,21,7,28,1,0,1,0,0,0,242
PITTSBURGH WARD 15 DIST 14,280,65,72,137,20,12,32,0,1,1,0,1,1,171
PITTSBURGH WARD 15 DIST 15,372,81,60,141,39,7,46,2,0,2,0,0,0,189
PITTSBURGH WARD 15 DIST 16,522,124,158,282,39,20,59,4,0,4,0,0,0,345
PITTSBURGH WARD 15 DIST 17,25,7,5,12,0,1,1,0,0,0,0,0,0,13
PITTSBURGH WARD 15 DIST 18,535,123,143,266,36,20,56,0,1,1,0,0,0,323
PITTSBURGH WARD 15 DIST 19,435,85,102,187,8,12,20,2,2,4,1,0,1,212
PITTSBURGH WARD 16 DIST 1,942,151,334,485,104,31,135,1,3,4,1,2,3,627
PITTSBURGH WARD 16 DIST 2,1266,194,405,599,119,62,181,7,7,14,0,1,1,795
PITTSBURGH WARD 16 DIST 3,952,181,271,452,125,51,176,8,2,10,4,0,4,642
PITTSBURGH WARD 16 DIST 4,432,93,106,199,58,18,76,4,2,6,0,1,1,282
PITTSBURGH WARD 16 DIST 5,635,95,211,306,110,30,140,2,6,8,1,1,2,456
PITTSBURGH WARD 16 DIST 6,526,90,150,240,87,24,111,4,0,4,0,2,2,357
PITTSBURGH WARD 16 DIST 7,410,83,87,170,64,20,84,1,0,1,1,1,2,257
PITTSBURGH WARD 16 DIST 8,171,29,16,45,0,2,2,0,0,0,0,1,1,48
PITTSBURGH WARD 16 DIST 9,479,114,106,220,75,21,96,7,2,9,0,0,0,325
PITTSBURGH WARD 16 DIST 10,382,66,91,157,74,30,104,3,1,4,2,0,2,267
PITTSBURGH WARD 16 DIST 11,416,85,96,181,62,16,78,0,1,1,1,0,1,261
PITTSBURGH WARD 17 DIST 1,264,41,70,111,54,9,63,1,1,2,0,1,1,177
PITTSBURGH WARD 17 DIST 2,881,179,234,413,107,26,133,5,1,6,3,1,4,556
PITTSBURGH WARD 17 DIST 3,606,125,194,319,71,26,97,4,1,5,1,1,2,423
PITTSBURGH WARD 17 DIST 4,813,168,281,449,90,34,124,5,3,8,0,0,0,581
PITTSBURGH WARD 17 DIST 5,623,131,183,314,77,16,93,5,1,6,1,1,2,415
PITTSBURGH WARD 17 DIST 6,444,82,98,180,72,16,88,4,1,5,1,0,1,274
PITTSBURGH WARD 17 DIST 7,400,75,121,196,55,16,71,5,1,6,0,1,1,274
PITTSBURGH WARD 17 DIST 8,439,93,133,226,55,12,67,6,2,8,0,3,3,304
PITTSBURGH WARD 18 DIST 1,575,96,157,253,153,35,188,5,2,7,2,1,3,451
PITTSBURGH WARD 18 DIST 2,414,100,114,214,10,5,15,1,0,1,0,0,0,230
PITTSBURGH WARD 18 DIST 3,365,99,123,222,0,1,1,1,0,1,0,0,0,224
PITTSBURGH WARD 18 DIST 4,435,130,103,233,18,3,21,0,0,0,0,0,0,254
PITTSBURGH WARD 18 DIST 5,950,150,322,472,131,59,190,5,2,7,1,0,1,670
PITTSBURGH WARD 18 DIST 6,376,110,80,190,18,8,26,2,0,2,0,0,0,218
PITTSBURGH WARD 18 DIST 7,469,95,120,215,57,28,85,4,2,6,1,0,1,307
PITTSBURGH WARD 18 DIST 8,266,67,58,125,12,9,21,1,0,1,1,0,1,148
PITTSBURGH WARD 18 DIST 9,687,122,143,265,64,17,81,8,3,11,0,2,2,359
PITTSBURGH WARD 18 DIST 10,65,7,21,28,15,1,16,0,0,0,0,0,0,44
PITTSBURGH WARD 18 DIST 11,566,107,128,235,54,23,77,9,2,11,0,1,1,324
PITTSBURGH WARD 19 DIST 1,543,62,198,260,121,49,170,1,1,2,0,0,0,432
PITTSBURGH WARD 19 DIST 2,712,86,198,284,136,57,193,4,1,5,1,2,3,485
PITTSBURGH WARD 19 DIST 3,563,84,182,266,103,42,145,2,1,3,0,0,0,414
PITTSBURGH WARD 19 DIST 4,411,59,150,209,79,18,97,3,3,6,0,0,0,312
PITTSBURGH WARD 19 DIST 5,465,89,124,213,91,34,125,2,4,6,0,1,1,345
PITTSBURGH WARD 19 DIST 6,553,110,182,292,89,39,128,3,2,5,1,0,1,426
PITTSBURGH WARD 19 DIST 7,225,33,62,95,36,12,48,3,1,4,1,1,2,149
PITTSBURGH WARD 19 DIST 8,576,106,147,253,102,27,129,10,1,11,0,0,0,393
PITTSBURGH WARD 19 DIST 9,570,101,163,264,81,27,108,1,2,3,0,2,2,377
PITTSBURGH WARD 19 DIST 10,696,82,193,275,113,35,148,3,5,8,1,0,1,432
PITTSBURGH WARD 19 DIST 11,523,57,143,200,71,21,92,7,5,12,0,0,0,304
PITTSBURGH WARD 19 DIST 12,429,60,142,202,100,52,152,5,3,8,0,0,0,362
PITTSBURGH WARD 19 DIST 13,491,93,125,218,70,13,83,2,1,3,0,0,0,304
PITTSBURGH WARD 19 DIST 14,565,97,175,272,68,30,98,5,1,6,1,0,1,377
PITTSBURGH WARD 19 DIST 15,639,118,203,321,104,16,120,7,2,9,1,3,4,454
PITTSBURGH WARD 19 DIST 16,604,134,208,342,72,17,89,1,5,6,0,2,2,439
PITTSBURGH WARD 19 DIST 17,553,109,186,295,98,22,120,4,2,6,2,0,2,423
PITTSBURGH WARD 19 DIST 18,456,100,124,224,49,15,64,3,1,4,0,0,0,292
PITTSBURGH WARD 19 DIST 19,532,90,166,256,81,28,109,7,3,10,1,0,1,376
PITTSBURGH WARD 19 DIST 20,514,80,159,239,112,39,151,2,0,2,2,0,2,394
PITTSBURGH WARD 19 DIST 21,673,121,206,327,96,36,132,5,2,7,1,2,3,469
PITTSBURGH WARD 19 DIST 22,558,120,169,289,90,41,131,4,3,7,1,2,3,430
PITTSBURGH WARD 19 DIST 23,592,101,167,268,132,25,157,5,1,6,1,0,1,432
PITTSBURGH WARD 19 DIST 24,475,67,168,235,83,28,111,3,1,4,0,0,0,350
PITTSBURGH WARD 19 DIST 25,540,84,190,274,104,45,149,3,2,5,0,1,1,429
PITTSBURGH WARD 19 DIST 26,481,91,144,235,80,24,104,0,3,3,1,2,3,345
PITTSBURGH WARD 19 DIST 27,474,67,132,199,88,44,132,1,0,1,2,0,2,334
PITTSBURGH WARD 19 DIST 28,627,97,288,385,92,47,139,5,2,7,0,0,0,531
PITTSBURGH WARD 19 DIST 29,499,92,150,242,111,37,148,2,0,2,1,3,4,396
PITTSBURGH WARD 19 DIST 30,532,81,194,275,114,36,150,2,2,4,0,1,1,430
PITTSBURGH WARD 19 DIST 31,491,72,160,232,126,28,154,1,0,1,1,0,1,388
PITTSBURGH WARD 19 DIST 32,535,108,171,279,97,33,130,2,3,5,0,0,0,414
PITTSBURGH WARD 19 DIST 33,465,70,129,199,120,41,161,1,2,3,2,2,4,367
PITTSBURGH WARD 19 DIST 34,540,78,202,280,96,31,127,4,2,6,1,2,3,416
PITTSBURGH WARD 19 DIST 35,545,103,162,265,115,19,134,4,7,11,0,0,0,410
PITTSBURGH WARD 19 DIST 36,682,90,240,330,133,52,185,2,0,2,3,1,4,521
PITTSBURGH WARD 19 DIST 37,449,70,149,219,109,18,127,7,2,9,1,0,1,356
PITTSBURGH WARD 19 DIST 38,575,80,189,269,104,29,133,3,0,3,2,4,6,411
PITTSBURGH WARD 20 DIST 1,614,74,175,249,165,50,215,1,4,5,0,1,1,470
PITTSBURGH WARD 20 DIST 2,234,35,58,93,56,15,71,2,0,2,0,1,1,167
PITTSBURGH WARD 20 DIST 3,700,87,227,314,178,46,224,3,2,5,1,0,1,544
PITTSBURGH WARD 20 DIST 4,70,12,19,31,6,3,9,0,0,0,1,0,1,41
PITTSBURGH WARD 20 DIST 5,571,112,151,263,98,40,138,0,3,3,1,0,1,405
PITTSBURGH WARD 20 DIST 6,540,93,125,218,75,21,96,4,1,5,0,2,2,321
PITTSBURGH WARD 20 DIST 7,694,158,142,300,45,28,73,2,2,4,0,0,0,377
PITTSBURGH WARD 20 DIST 8,711,150,156,306,102,47,149,9,4,13,1,1,2,470
PITTSBURGH WARD 20 DIST 9,205,36,40,76,35,13,48,0,0,0,0,0,0,124
PITTSBURGH WARD 20 DIST 10,643,167,125,292,56,22,78,1,1,2,0,1,1,373
PITTSBURGH WARD 20 DIST 11,705,179,109,288,54,21,75,3,2,5,2,0,2,370
PITTSBURGH WARD 20 DIST 12,927,183,268,451,123,36,159,2,1,3,2,2,4,617
PITTSBURGH WARD 20 DIST 13,437,109,157,266,26,4,30,2,0,2,0,0,0,298
PITTSBURGH WARD 20 DIST 14,875,199,196,395,141,39,180,4,5,9,0,2,2,586
PITTSBURGH WARD 20 DIST 15,934,142,297,439,125,43,168,6,2,8,3,2,5,620
PITTSBURGH WARD 20 DIST 16,640,57,189,246,167,81,248,2,3,5,0,3,3,502
PITTSBURGH WARD 20 DIST 17,436,45,151,196,105,45,150,4,0,4,0,0,0,350
PITTSBURGH WARD 20 DIST 18,489,68,125,193,151,54,205,0,0,0,0,0,0,398
PITTSBURGH WARD 21 DIST 1,463,105,117,222,27,10,37,2,1,3,0,1,1,263
PITTSBURGH WARD 21 DIST 2,455,140,141,281,15,5,20,2,3,5,3,0,3,309
PITTSBURGH WARD 21 DIST 3,654,152,244,396,19,12,31,0,2,2,1,2,3,432
PITTSBURGH WARD 21 DIST 4,584,140,223,363,27,13,40,4,4,8,0,0,0,411
PITTSBURGH WARD 22 DIST 1,732,148,294,442,46,23,69,1,4,5,0,2,2,518
PITTSBURGH WARD 22 DIST 2,673,102,318,420,39,23,62,1,2,3,1,2,3,488
PITTSBURGH WARD 22 DIST 3,696,139,273,412,37,19,56,3,2,5,0,2,2,475
PITTSBURGH WARD 22 DIST 4,892,147,266,413,55,23,78,2,7,9,1,1,2,502
PITTSBURGH WARD 23 DIST 1,1257,177,445,622,101,62,163,1,6,7,0,1,1,793
PITTSBURGH WARD 23 DIST 2,794,112,303,415,61,36,97,5,3,8,4,2,6,526
PITTSBURGH WARD 23 DIST 3,419,59,124,183,38,9,47,5,0,5,0,2,2,237
PITTSBURGH WARD 24 DIST 1,432,44,144,188,75,31,106,0,2,2,1,0,1,297
PITTSBURGH WARD 24 DIST 2,430,68,134,202,75,36,111,3,0,3,1,0,1,317
PITTSBURGH WARD 24 DIST 3,349,51,78,129,52,23,75,3,2,5,0,0,0,209
PITTSBURGH WARD 24 DIST 4,594,81,222,303,95,22,117,5,3,8,2,1,3,431
PITTSBURGH WARD 24 DIST 5,515,85,149,234,62,19,81,2,1,3,2,1,3,321
PITTSBURGH WARD 24 DIST 6,538,91,162,253,86,45,131,3,2,5,1,0,1,390
PITTSBURGH WARD 25 DIST 1,459,113,188,301,14,12,26,0,2,2,0,0,0,329
PITTSBURGH WARD 25 DIST 2,422,96,135,231,20,7,27,1,1,2,1,1,2,262
PITTSBURGH WARD 25 DIST 3,559,122,198,320,21,10,31,0,2,2,1,1,2,355
PITTSBURGH WARD 25 DIST 4,308,71,75,146,8,2,10,0,0,0,1,0,1,157
PITTSBURGH WARD 25 DIST 5,369,99,110,209,22,1,23,2,1,3,2,0,2,237
PITTSBURGH WARD 25 DIST 6,365,70,75,145,15,1,16,1,0,1,0,0,0,162
PITTSBURGH WARD 25 DIST 7,401,57,145,202,59,12,71,3,1,4,0,0,0,277
PITTSBURGH WARD 26 DIST 1,541,146,171,317,20,11,31,1,0,1,0,1,1,350
PITTSBURGH WARD 26 DIST 2,442,101,159,260,8,4,12,1,0,1,0,0,0,273
PITTSBURGH WARD 26 DIST 3,438,122,126,248,24,11,35,1,1,2,0,0,0,285
PITTSBURGH WARD 26 DIST 4,400,100,102,202,26,13,39,4,2,6,0,1,1,248
PITTSBURGH WARD 26 DIST 5,479,146,61,207,5,1,6,1,0,1,1,1,2,216
PITTSBURGH WARD 26 DIST 6,368,104,45,149,6,1,7,0,0,0,0,0,0,156
PITTSBURGH WARD 26 DIST 7,296,54,105,159,11,4,15,0,0,0,0,1,1,175
PITTSBURGH WARD 26 DIST 8,601,100,94,194,44,14,58,0,1,1,0,0,0,253
PITTSBURGH WARD 26 DIST 9,355,66,96,162,59,35,94,2,1,3,0,2,2,261
PITTSBURGH WARD 26 DIST 10,673,157,230,387,56,15,71,2,1,3,2,0,2,463
PITTSBURGH WARD 26 DIST 11,688,168,250,418,49,15,64,3,2,5,0,2,2,489
PITTSBURGH WARD 26 DIST 12,479,72,148,220,52,21,73,1,2,3,1,3,4,300
PITTSBURGH WARD 26 DIST 13,596,103,189,292,95,27,122,4,1,5,0,2,2,421
PITTSBURGH WARD 26 DIST 14,591,100,161,261,170,48,218,1,4,5,3,2,5,489
PITTSBURGH WARD 26 DIST 15,501,87,139,226,98,49,147,6,1,7,0,0,0,380
PITTSBURGH WARD 26 DIST 16,725,133,254,387,77,34,111,3,2,5,1,2,3,506
PITTSBURGH WARD 26 DIST 17,187,28,38,66,38,16,54,0,1,1,0,0,0,121
PITTSBURGH WARD 27 DIST 1,811,80,328,408,136,78,214,5,5,10,0,2,2,634
PITTSBURGH WARD 27 DIST 2,668,92,228,320,132,76,208,8,1,9,1,0,1,538
PITTSBURGH WARD 27 DIST 3,567,104,209,313,83,32,115,5,6,11,0,0,0,439
PITTSBURGH WARD 27 DIST 4,795,147,225,372,128,39,167,4,8,12,4,3,7,558
PITTSBURGH WARD 27 DIST 5,751,120,277,397,114,42,156,2,4,6,1,1,2,561
PITTSBURGH WARD 27 DIST 6,789,141,224,365,72,32,104,6,3,9,1,1,2,480
PITTSBURGH WARD 27 DIST 7,623,130,207,337,86,23,109,4,3,7,0,0,0,453
PITTSBURGH WARD 27 DIST 8,599,127,184,311,90,27,117,4,4,8,1,0,1,437
PITTSBURGH WARD 27 DIST 9,605,137,126,263,67,28,95,2,1,3,2,1,3,364
PITTSBURGH WARD 27 DIST 10,619,127,173,300,62,17,79,1,1,2,0,0,0,381
PITTSBURGH WARD 27 DIST 11,631,137,149,286,58,26,84,5,1,6,1,0,1,377
PITTSBURGH WARD 27 DIST 12,575,118,125,243,55,18,73,1,0,1,0,0,0,317
PITTSBURGH WARD 27 DIST 13,559,112,163,275,53,26,79,3,1,4,5,2,7,365
PITTSBURGH WARD 28 DIST 1,680,108,160,268,135,67,202,8,2,10,3,4,7,487
PITTSBURGH WARD 28 DIST 2,565,100,146,246,75,28,103,3,3,6,0,0,0,355
PITTSBURGH WARD 28 DIST 3,894,151,263,414,225,61,286,1,1,2,1,1,2,704
PITTSBURGH WARD 28 DIST 4,659,82,196,278,173,54,227,3,1,4,4,1,5,514
PITTSBURGH WARD 28 DIST 5,691,158,189,347,119,34,153,5,4,9,2,0,2,511
PITTSBURGH WARD 28 DIST 6,570,92,171,263,122,47,169,1,2,3,2,1,3,438
PITTSBURGH WARD 28 DIST 7,648,130,139,269,56,20,76,5,0,5,0,0,0,350
PITTSBURGH WARD 28 DIST 8,868,171,262,433,189,45,234,3,3,6,0,2,2,675
PITTSBURGH WARD 28 DIST 9,632,163,198,361,67,28,95,2,1,3,0,0,0,459
PITTSBURGH WARD 28 DIST 10,546,128,129,257,58,12,70,7,0,7,1,0,1,335
PITTSBURGH WARD 28 DIST 11,130,38,34,72,5,4,9,0,0,0,0,0,0,81
PITTSBURGH WARD 29 DIST 1,611,89,130,219,154,38,192,2,0,2,0,1,1,414
PITTSBURGH WARD 29 DIST 2,543,115,141,256,106,21,127,2,2,4,1,0,1,388
PITTSBURGH WARD 29 DIST 3,496,74,131,205,104,29,133,1,2,3,0,0,0,341
PITTSBURGH WARD 29 DIST 4,530,96,105,201,108,48,156,4,1,5,0,2,2,364
PITTSBURGH WARD 29 DIST 5,564,97,136,233,102,33,135,3,1,4,0,0,0,372
PITTSBURGH WARD 29 DIST 6,647,105,169,274,155,31,186,1,0,1,1,0,1,462
PITTSBURGH WARD 29 DIST 7,660,127,180,307,122,55,177,2,3,5,1,2,3,492
PITTSBURGH WARD 29 DIST 8,547,93,121,214,97,28,125,1,0,1,1,1,2,342
PITTSBURGH WARD 29 DIST 9,466,76,89,165,72,31,103,2,3,5,1,0,1,274
PITTSBURGH WARD 29 DIST 10,564,97,147,244,110,35,145,5,3,8,3,1,4,401
PITTSBURGH WARD 29 DIST 11,647,119,147,266,144,32,176,12,1,13,2,0,2,457
PITTSBURGH WARD 29 DIST 12,577,120,111,231,108,23,131,4,2,6,0,0,0,368
PITTSBURGH WARD 30 DIST 1,420,92,86,178,23,12,35,5,0,5,0,1,1,219
PITTSBURGH WARD 30 DIST 2,391,120,88,208,20,12,32,2,1,3,2,0,2,245
PITTSBURGH WARD 30 DIST 3,344,67,49,116,19,9,28,2,1,3,0,0,0,147
PITTSBURGH WARD 30 DIST 4,591,128,136,264,59,18,77,3,0,3,0,0,0,344
PITTSBURGH WARD 30 DIST 5,671,160,146,306,69,20,89,1,0,1,0,0,0,396
PITTSBURGH WARD 31 DIST 1,226,30,32,62,62,20,82,2,0,2,0,0,0,146
PITTSBURGH WARD 31 DIST 2,449,55,92,147,181,49,230,1,2,3,0,2,2,382
PITTSBURGH WARD 31 DIST 3,561,88,121,209,188,33,221,4,4,8,0,1,1,439
PITTSBURGH WARD 31 DIST 4,566,75,114,189,198,29,227,4,1,5,0,0,0,421
PITTSBURGH WARD 31 DIST 5,709,83,195,278,222,65,287,5,2,7,2,0,2,574
PITTSBURGH WARD 31 DIST 6,551,74,91,165,197,54,251,4,1,5,0,0,0,421
PITTSBURGH WARD 31 DIST 7,138,34,41,75,25,7,32,0,1,1,1,0,1,109
PITTSBURGH WARD 32 DIST 1,514,49,117,166,163,38,201,5,3,8,1,0,1,376
PITTSBURGH WARD 32 DIST 2,667,69,154,223,164,55,219,10,3,13,1,3,4,459
PITTSBURGH WARD 32 DIST 3,543,81,161,242,128,32,160,6,0,6,0,0,0,408
PITTSBURGH WARD 32 DIST 4,352,62,99,161,67,15,82,2,0,2,0,0,0,245
PITTSBURGH WARD 32 DIST 5,584,92,193,285,130,39,169,4,7,11,0,0,0,465
PITTSBURGH WARD 32 DIST 6,620,75,128,203,191,62,253,6,3,9,3,3,6,471
PITTSBURGH WARD 32 DIST 7,578,95,176,271,135,30,165,5,2,7,0,1,1,444
PITTSBURGH WARD 32 DIST 8,660,74,196,270,195,72,267,5,0,5,1,0,1,543
PLEASANT HL DIST 1,748,105,203,308,214,56,270,2,6,8,0,4,4,590
PLEASANT HL DIST 2,561,79,156,235,188,44,232,6,2,8,0,1,1,476
PLEASANT HL DIST 3,583,80,149,229,199,47,246,7,3,10,1,1,2,487
PLEASANT HL DIST 4,555,104,140,244,170,32,202,6,0,6,0,0,0,452
PLEASANT HL DIST 5,715,79,194,273,164,96,260,2,4,6,0,1,1,540
PLEASANT HL DIST 6,964,118,259,377,325,107,432,2,3,5,0,0,0,814
PLEASANT HL DIST 7,532,90,128,218,166,37,203,3,2,5,2,0,2,428
PLEASANT HL DIST 8,526,70,112,182,194,60,254,4,2,6,0,0,0,442
PLEASANT HL DIST 9,659,116,167,283,227,57,284,7,1,8,0,2,2,577
PLEASANT HL DIST 10,523,60,119,179,187,50,237,7,2,9,2,0,2,427
PLUM DIST 1,1828,174,520,694,526,229,755,6,9,15,2,5,7,1471
PLUM DIST 2,607,74,98,172,254,56,310,5,2,7,1,0,1,490
PLUM DIST 3,986,81,340,421,203,151,354,3,3,6,1,0,1,782
PLUM DIST 4,863,90,201,291,311,92,403,6,4,10,1,2,3,707
PLUM DIST 5,891,83,250,333,286,85,371,5,2,7,1,1,2,713
PLUM DIST 6,1264,124,306,430,441,177,618,6,5,11,3,1,4,1063
PLUM DIST 7,1261,138,348,486,395,141,536,6,5,11,0,1,1,1034
PLUM DIST 8,613,72,144,216,222,43,265,3,3,6,0,2,2,489
PLUM DIST 9,1143,95,345,440,361,147,508,8,3,11,1,1,2,961
PLUM DIST 10,611,60,126,186,223,65,288,9,3,12,1,2,3,489
PLUM DIST 11,840,91,233,324,285,76,361,2,3,5,2,2,4,694
PLUM DIST 12,1119,142,344,486,348,139,487,3,3,6,3,2,5,984
PLUM DIST 13,582,65,129,194,210,75,285,4,5,9,1,1,2,490
PLUM DIST 14,746,100,166,266,228,76,304,7,6,13,0,2,2,585
PLUM DIST 15,853,119,197,316,213,64,277,7,1,8,1,4,5,606
PLUM DIST 16,631,76,152,228,210,63,273,4,1,5,0,0,0,506
PLUM DIST 17,720,117,166,283,213,47,260,6,2,8,2,1,3,554
PLUM DIST 18,856,106,221,327,286,99,385,4,2,6,0,0,0,718
PLUM DIST 19,2072,201,500,701,765,239,1004,8,6,14,2,2,4,1723
PLUM DIST 20,979,104,219,323,355,109,464,5,5,10,0,1,1,798
PLUM DIST 21,425,32,71,103,194,56,250,5,1,6,1,2,3,362
PORT VUE DIST 1,607,87,83,170,198,48,246,4,1,5,3,0,3,424
PORT VUE DIST 2,535,71,82,153,209,43,252,2,0,2,1,0,1,408
PORT VUE DIST 3,529,69,104,173,200,50,250,1,2,3,0,1,1,427
PORT VUE DIST 4,706,95,123,218,267,43,310,7,1,8,3,1,4,540
RANKIN WARD 1,358,110,80,190,22,11,33,1,0,1,0,0,0,224
RANKIN WARD 2,401,118,77,195,12,9,21,0,1,1,0,1,1,218
RANKIN WARD 3,603,144,88,232,24,5,29,1,0,1,1,0,1,263
RESERVE WARD 1,539,129,126,255,140,24,164,6,0,6,0,1,1,426
RESERVE WARD 2,572,122,132,254,170,34,204,6,2,8,2,0,2,468
RESERVE WARD 3,542,104,116,220,177,52,229,8,1,9,1,2,3,461
RESERVE WARD 4,856,109,237,346,266,65,331,4,6,10,0,3,3,690
RICHLAND DIST 1,1142,144,299,443,404,100,504,10,4,14,0,0,0,961
RICHLAND DIST 2,1195,137,290,427,411,115,526,11,7,18,1,4,5,976
RICHLAND DIST 3,1236,168,303,471,435,107,542,13,3,16,3,0,3,1032
RICHLAND DIST 4,1159,149,293,442,425,97,522,10,4,14,4,1,5,983
RICHLAND DIST 5,1038,130,238,368,369,115,484,4,1,5,0,1,1,858
RICHLAND DIST 6,1130,124,267,391,461,113,574,3,0,3,2,2,4,972
RICHLAND DIST 7,1141,146,217,363,468,103,571,17,9,26,3,4,7,967
RICHLAND DIST 8,854,60,170,230,267,147,414,7,9,16,0,0,0,660
ROBINSON DIST 1,1661,129,501,630,486,213,699,6,7,13,2,2,4,1346
ROBINSON DIST 2,1165,137,331,468,393,105,498,1,3,4,0,3,3,973
ROBINSON DIST 3,706,101,174,275,226,63,289,2,1,3,0,1,1,568
ROBINSON DIST 4,827,125,208,333,254,73,327,6,6,12,2,0,2,674
ROBINSON DIST 5,616,43,182,225,212,60,272,3,0,3,0,1,1,501
ROBINSON DIST 6,874,103,224,327,254,58,312,2,5,7,5,1,6,652
ROBINSON DIST 7,1391,123,370,493,498,156,654,12,4,16,3,0,3,1166
ROBINSON DIST 8,1721,191,437,628,443,175,618,11,11,22,2,4,6,1274
ROBINSON DIST 9,2513,222,722,944,661,285,946,9,5,14,0,3,3,1907
ROSS WARD 1 DIST 1,778,77,208,285,253,78,331,8,5,13,2,4,6,635
ROSS WARD 1 DIST 2,627,76,219,295,162,53,215,3,5,8,0,0,0,518
ROSS WARD 1 DIST 3,524,78,142,220,139,48,187,6,7,13,0,2,2,422
ROSS WARD 1 DIST 4,860,132,234,366,259,63,322,11,0,11,2,3,5,704
ROSS WARD 2 DIST 1,1227,145,362,507,324,128,452,4,3,7,5,0,5,971
ROSS WARD 2 DIST 2,942,99,275,374,320,98,418,7,1,8,1,2,3,803
ROSS WARD 2 DIST 3,731,112,210,322,208,73,281,3,2,5,6,0,6,614
ROSS WARD 3 DIST 1,686,81,235,316,187,59,246,5,2,7,0,1,1,570
ROSS WARD 3 DIST 2,712,92,253,345,183,67,250,5,6,11,0,2,2,608
ROSS WARD 3 DIST 3,567,76,137,213,193,38,231,6,3,9,0,0,0,453
ROSS WARD 3 DIST 4,692,98,186,284,209,64,273,9,1,10,2,0,2,569
ROSS WARD 4 DIST 1,894,116,263,379,240,67,307,7,5,12,3,8,11,709
ROSS WARD 4 DIST 2,1043,165,330,495,279,104,383,9,6,15,0,2,2,895
ROSS WARD 4 DIST 3,727,79,220,299,232,86,318,5,1,6,0,1,1,624
ROSS WARD 4 DIST 4,781,105,226,331,227,81,308,5,1,6,1,1,2,647
ROSS WARD 5 DIST 1,614,80,163,243,192,62,254,5,4,9,0,2,2,508
ROSS WARD 5 DIST 2,422,49,124,173,126,38,164,2,1,3,0,2,2,342
ROSS WARD 5 DIST 3,787,64,231,295,200,110,310,5,3,8,2,1,3,616
ROSS WARD 5 DIST 4,748,80,242,322,216,82,298,1,0,1,1,1,2,623
ROSS WARD 6 DIST 1,508,100,154,254,110,35,145,5,0,5,0,0,0,404
ROSS WARD 6 DIST 2,978,134,337,471,205,80,285,5,10,15,1,4,5,776
ROSS WARD 6 DIST 3,689,124,184,308,178,44,222,7,2,9,0,1,1,540
ROSS WARD 6 DIST 4,600,97,152,249,168,46,214,7,2,9,0,0,0,472
ROSS WARD 7 DIST 1,614,68,165,233,199,80,279,6,3,9,1,1,2,523
ROSS WARD 7 DIST 2,591,102,138,240,145,36,181,2,0,2,3,0,3,426
ROSS WARD 7 DIST 3,723,102,198,300,223,64,287,6,0,6,0,0,0,593
ROSS WARD 7 DIST 4,598,73,158,231,175,49,224,7,1,8,3,1,4,467
ROSS WARD 8 DIST 1,1647,178,526,704,349,175,524,10,9,19,1,3,4,1251
ROSS WARD 8 DIST 2,516,63,152,215,109,44,153,4,0,4,0,0,0,372
ROSS WARD 8 DIST 3,564,78,175,253,172,48,220,2,2,4,5,0,5,482
ROSS WARD 9 DIST 1,832,92,253,345,282,79,361,3,1,4,1,3,4,714
ROSS WARD 9 DIST 2,969,126,302,428,263,91,354,9,7,16,1,2,3,801
ROSS WARD 9 DIST 3,785,88,220,308,248,79,327,5,1,6,2,2,4,645
ROSSLYN FARMS,407,105,74,179,142,21,163,3,2,5,2,1,3,350
SCOTT WARD 1 DIST 1,602,117,120,237,146,32,178,8,3,11,1,0,1,427
SCOTT WARD 1 DIST 2,670,108,125,233,188,30,218,16,2,18,0,2,2,471
SCOTT WARD 2 DIST 1,474,75,152,227,91,41,132,1,2,3,0,1,1,363
SCOTT WARD 2 DIST 2,669,111,164,275,219,57,276,3,3,6,0,1,1,558
SCOTT WARD 3 DIST 1,534,73,148,221,178,34,212,4,0,4,0,1,1,438
SCOTT WARD 3 DIST 2,742,83,238,321,190,66,256,2,1,3,0,0,0,580
SCOTT WARD 4 DIST 1,780,109,263,372,202,71,273,1,2,3,2,1,3,651
SCOTT WARD 4 DIST 2,652,100,233,333,162,51,213,4,3,7,0,1,1,554
SCOTT WARD 5 DIST 1,616,106,146,252,185,45,230,4,0,4,4,0,4,490
SCOTT WARD 5 DIST 2,740,123,225,348,189,69,258,3,4,7,1,0,1,614
SCOTT WARD 6 DIST 1,686,113,197,310,160,47,207,2,3,5,0,2,2,524
SCOTT WARD 6 DIST 2,820,116,253,369,228,56,284,7,0,7,0,2,2,662
SCOTT WARD 7 DIST 1,892,94,351,445,171,91,262,4,1,5,0,1,1,713
SCOTT WARD 7 DIST 2,638,95,196,291,182,60,242,6,5,11,2,1,3,547
SCOTT WARD 8 DIST 1,531,72,163,235,184,37,221,4,0,4,0,1,1,461
SCOTT WARD 8 DIST 2,1076,100,359,459,187,194,381,4,3,7,0,2,2,849
SCOTT WARD 9 DIST 1,297,51,76,127,49,17,66,1,2,3,1,0,1,197
SCOTT WARD 9 DIST 2,333,55,101,156,70,23,93,1,1,2,0,0,0,251
SEWICKLEY WARD 1,999,178,302,480,210,52,262,7,7,14,3,8,11,767
SEWICKLEY WARD 2 DIST 1,531,70,141,211,131,45,176,2,1,3,2,3,5,395
SEWICKLEY WARD 2 DIST 2,591,92,166,258,123,51,174,6,0,6,2,1,3,441
SEWICKLEY WARD 3,1047,190,305,495,220,76,296,7,2,9,2,0,2,802
SEWICKLEY HTS,792,132,147,279,247,69,316,5,2,7,2,1,3,605
SEWICKLEY HILLS,555,114,103,217,207,28,235,4,2,6,0,2,2,460
SHALER WARD 1 DIST 1,534,95,140,235,160,50,210,3,2,5,0,2,2,452
SHALER WARD 1 DIST 2,530,78,133,211,166,28,194,3,0,3,0,3,3,411
SHALER WARD 1 DIST 3,595,84,142,226,187,44,231,7,1,8,0,1,1,466
SHALER WARD 1 DIST 4,620,100,182,282,183,55,238,3,6,9,1,0,1,530
SHALER WARD 1 DIST 5,665,104,186,290,162,59,221,7,1,8,2,0,2,521
SHALER WARD 2 DIST 1,1065,126,285,411,382,81,463,4,6,10,0,1,1,885
SHALER WARD 2 DIST 2,774,107,189,296,267,81,348,8,3,11,2,1,3,658
SHALER WARD 2 DIST 3,610,114,148,262,182,34,216,5,4,9,1,1,2,489
SHALER WARD 2 DIST 4,791,151,200,351,260,56,316,4,7,11,0,1,1,679
SHALER WARD 2 DIST 5,364,63,97,160,107,33,140,3,1,4,1,0,1,305
SHALER WARD 3 DIST 1,602,68,180,248,192,59,251,4,3,7,1,0,1,507
SHALER WARD 3 DIST 2,617,87,170,257,187,54,241,2,1,3,0,1,1,502
SHALER WARD 3 DIST 3,601,62,150,212,211,67,278,3,1,4,1,2,3,497
SHALER WARD 3 DIST 4,718,97,216,313,231,76,307,1,3,4,1,1,2,626
SHALER WARD 3 DIST 5,687,62,180,242,246,84,330,3,4,7,0,1,1,580
SHALER WARD 4 DIST 1,845,139,216,355,286,58,344,6,6,12,3,1,4,715
SHALER WARD 4 DIST 2,449,70,121,191,131,29,160,4,5,9,0,1,1,361
SHALER WARD 4 DIST 3,680,106,185,291,216,51,267,7,3,10,1,1,2,570
SHALER WARD 4 DIST 4,662,83,188,271,210,77,287,1,4,5,1,0,1,564
SHALER WARD 4 DIST 5,533,85,157,242,149,35,184,3,2,5,0,0,0,431
SHALER WARD 5 DIST 1,745,109,158,267,273,66,339,11,4,15,2,0,2,623
SHALER WARD 5 DIST 2,693,93,197,290,236,53,289,1,1,2,2,0,2,583
SHALER WARD 5 DIST 3,553,78,170,248,185,48,233,2,1,3,2,1,3,487
SHALER WARD 5 DIST 4,358,48,98,146,105,53,158,2,0,2,0,1,1,307
SHALER WARD 5 DIST 5,787,111,211,322,249,76,325,1,0,1,2,0,2,650
SHALER WARD 6 DIST 1,645,81,178,259,212,62,274,2,2,4,2,0,2,539
SHALER WARD 6 DIST 2,715,86,182,268,240,66,306,3,3,6,0,2,2,582
SHALER WARD 6 DIST 3,559,66,147,213,207,54,261,6,4,10,1,1,2,486
SHALER WARD 6 DIST 4,340,45,98,143,125,30,155,0,4,4,0,0,0,302
SHALER WARD 6 DIST 5,545,64,176,240,157,67,224,0,2,2,0,1,1,467
SHALER WARD 7 DIST 1,608,100,165,265,171,53,224,4,2,6,3,0,3,498
SHALER WARD 7 DIST 2,796,125,207,332,241,72,313,7,2,9,1,1,2,656
SHALER WARD 7 DIST 3,664,90,157,247,206,57,263,3,4,7,3,2,5,522
SHALER WARD 7 DIST 4,1036,135,272,407,341,91,432,3,3,6,1,0,1,846
SHARPSBURG DIST 1,621,129,135,264,107,28,135,5,1,6,2,0,2,407
SHARPSBURG DIST 2,854,163,186,349,157,35,192,7,2,9,3,0,3,553
SHARPSBURG DIST 3,845,191,159,350,230,35,265,6,2,8,1,0,1,624
S FAYETTE DIST 1,589,80,164,244,194,57,251,4,0,4,0,0,0,499
S FAYETTE DIST 2,1143,133,255,388,442,103,545,8,3,11,0,3,3,947
S FAYETTE DIST 3,1792,353,416,769,578,123,701,5,3,8,5,2,7,1485
S FAYETTE DIST 4,874,104,218,322,270,91,361,6,3,9,0,1,1,693
S FAYETTE DIST 5,910,135,218,353,322,66,388,7,2,9,2,2,4,754
S FAYETTE DIST 6,1243,161,309,470,363,109,472,5,6,11,3,1,4,957
S FAYETTE DIST 7,679,79,170,249,239,54,293,2,1,3,0,1,1,546
S FAYETTE DIST 8,1577,214,438,652,517,163,680,7,6,13,0,5,5,1350
S FAYETTE DIST 9,691,85,140,225,169,56,225,2,3,5,1,1,2,457
S FAYETTE DIST 10,792,107,207,314,246,61,307,6,4,10,4,1,5,636
S FAYETTE DIST 11,1066,156,216,372,377,81,458,10,3,13,2,1,3,846
S FAYETTE DIST 12,680,72,182,254,204,89,293,3,3,6,1,1,2,555
SOUTH PARK DIST 1,775,72,178,250,285,101,386,6,4,10,2,0,2,648
SOUTH PARK DIST 2,800,110,178,288,286,57,343,2,2,4,0,2,2,637
SOUTH PARK DIST 3,674,94,153,247,231,51,282,7,4,11,0,3,3,543
SOUTH PARK DIST 4,582,93,134,227,170,36,206,4,4,8,0,1,1,442
SOUTH PARK DIST 5,766,125,180,305,277,49,326,4,0,4,4,1,5,640
SOUTH PARK DIST 6,928,121,238,359,269,80,349,5,3,8,1,0,1,717
SOUTH PARK DIST 7,1115,122,318,440,332,120,452,4,4,8,1,2,3,903
SOUTH PARK DIST 8,528,57,142,199,188,49,237,4,2,6,0,1,1,443
SOUTH PARK DIST 9,839,94,222,316,268,70,338,5,4,9,1,0,1,664
SOUTH PARK DIST 10,887,118,201,319,336,76,412,6,2,8,0,0,0,739
SOUTH PARK DIST 11,585,75,130,205,198,34,232,7,2,9,1,0,1,447
SOUTH PARK DIST 12,603,61,147,208,222,51,273,7,3,10,1,0,1,492
SOUTH PARK DIST 13,1074,124,234,358,429,110,539,4,9,13,2,2,4,914
S VERSAILLES,215,21,23,44,126,13,139,2,0,2,0,0,0,185
SPRINGDAL BR DIST 1,699,111,141,252,217,41,258,1,1,2,2,0,2,514
SPRINGDAL BR DIST 2,619,91,114,205,244,53,297,6,1,7,0,0,0,509
SPRINGDAL BR DIST 3,570,90,109,199,187,32,219,4,2,6,1,1,2,426
SPRINGDAL BR DIST 4,485,66,92,158,166,31,197,2,4,6,1,0,1,362
SPRINGDALE TWP,1192,158,241,399,450,100,550,7,6,13,2,1,3,965
STOWE WARD 1,422,86,86,172,75,29,104,1,1,2,0,0,0,278
STOWE WARD 2 DIST 1,180,26,24,50,35,8,43,1,0,1,0,0,0,94
STOWE WARD 2 DIST 2,668,143,137,280,119,40,159,1,3,4,0,3,3,446
STOWE WARD 3,364,55,61,116,73,24,97,1,0,1,0,0,0,214
STOWE WARD 4 DIST 1,340,52,73,125,90,30,120,0,0,0,0,1,1,246
STOWE WARD 4 DIST 2,382,46,95,141,124,43,167,1,1,2,3,1,4,314
STOWE WARD 5,456,82,77,159,83,32,115,2,0,2,0,1,1,277
STOWE WARD 6,437,100,75,175,61,9,70,2,1,3,1,1,2,250
STOWE WARD 7,298,70,44,114,34,10,44,5,2,7,0,0,0,165
STOWE WARD 8,410,77,34,111,54,14,68,3,1,4,1,0,1,184
STOWE WARD 9,303,59,63,122,31,8,39,1,1,2,0,0,0,163
SWISSVALE DIST 1,872,209,217,426,66,25,91,1,1,2,1,0,1,520
SWISSVALE DIST 2,758,187,226,413,48,29,77,2,0,2,0,2,2,494
SWISSVALE DIST 3,662,132,225,357,39,12,51,3,2,5,0,0,0,413
SWISSVALE DIST 4,626,124,203,327,66,19,85,4,2,6,3,1,4,422
SWISSVALE DIST 5,762,148,312,460,64,28,92,6,1,7,2,0,2,561
SWISSVALE DIST 6,399,112,86,198,18,10,28,0,2,2,1,0,1,229
SWISSVALE DIST 7,694,124,298,422,76,25,101,1,1,2,0,0,0,525
SWISSVALE DIST 8,719,138,268,406,56,24,80,4,2,6,0,3,3,495
SWISSVALE DIST 9,680,149,250,399,51,27,78,5,1,6,1,5,6,489
SWISSVALE DIST 10,250,74,68,142,9,4,13,0,0,0,0,0,0,155
SWISSVALE DIST 11,696,110,378,488,45,20,65,1,1,2,1,2,3,558
TARENTUM WARD 1 DIST 1,657,131,91,222,221,21,242,8,0,8,1,0,1,473
TARENTUM WARD 1 DIST 2,476,86,87,173,157,26,183,9,2,11,1,0,1,368
TARENTUM WARD 2,562,64,99,163,146,32,178,5,0,5,0,0,0,346
TARENTUM WARD 3 DIST 1,278,45,39,84,96,16,112,2,0,2,0,0,0,198
TARENTUM WARD 3 DIST 2,592,92,58,150,206,35,241,7,2,9,0,0,0,400
THORNBURG,421,133,86,219,110,22,132,1,1,2,0,0,0,353
PENNSBURY VILL,592,117,134,251,179,32,211,4,3,7,1,0,1,470
TRAFFORD,59,15,5,20,22,4,26,1,0,1,0,0,0,47
TURTLE CREEK WARD 1 DIST 1,841,139,183,322,237,49,286,2,4,6,0,1,1,615
TURTLE CREEK WARD 1 DIST 2,432,112,75,187,83,22,105,0,0,0,0,1,1,293
TURTLE CREEK WARD 2 DIST 1,709,163,132,295,113,21,134,3,1,4,1,0,1,434
TURTLE CREEK WARD 2 DIST 2,325,88,55,143,49,11,60,0,0,0,1,0,1,204
TURTLE CREEK WARD 3 DIST 1,583,121,109,230,84,19,103,6,1,7,0,0,0,340
TURTLE CREEK WARD 3 DIST 2,479,83,100,183,113,33,146,2,1,3,0,1,1,333
UP ST CLAIR WARD 1 DIST 1,735,123,216,339,205,45,250,3,2,5,1,1,2,596
UP ST CLAIR WARD 1 DIST 2,829,130,240,370,225,79,304,2,8,10,1,3,4,688
UP ST CLAIR WARD 1 DIST 3,1127,178,333,511,337,124,461,8,3,11,3,0,3,986
UP ST CLAIR WARD 1 DIST 4,850,142,285,427,210,51,261,1,5,6,1,2,3,697
UP ST CLAIR WARD 2 DIST 1,990,144,298,442,296,64,360,4,4,8,0,2,2,812
UP ST CLAIR WARD 2 DIST 2,723,128,182,310,215,53,268,2,3,5,0,0,0,583
UP ST CLAIR WARD 2 DIST 3,1034,145,322,467,277,97,374,8,4,12,0,0,0,853
UP ST CLAIR WARD 2 DIST 4,545,81,180,261,140,46,186,1,3,4,1,1,2,453
UP ST CLAIR WARD 3 DIST 1,1051,143,316,459,299,79,378,5,5,10,0,1,1,848
UP ST CLAIR WARD 3 DIST 2,862,144,222,366,279,73,352,4,3,7,1,1,2,727
UP ST CLAIR WARD 3 DIST 3,1182,125,322,447,370,118,488,7,4,11,1,3,4,950
UP ST CLAIR WARD 4 DIST 1,1017,168,261,429,312,76,388,4,3,7,1,4,5,829
UP ST CLAIR WARD 4 DIST 2,792,152,206,358,235,53,288,3,1,4,1,3,4,654
UP ST CLAIR WARD 4 DIST 3,622,95,171,266,184,38,222,3,4,7,1,1,2,497
UP ST CLAIR WARD 4 DIST 4,1093,98,328,426,249,162,411,5,2,7,0,1,1,845
UP ST CLAIR WARD 5 DIST 1,1332,215,330,545,429,117,546,7,4,11,1,0,1,1103
UP ST CLAIR WARD 5 DIST 2,840,124,216,340,290,59,349,5,5,10,0,1,1,700
UP ST CLAIR WARD 5 DIST 3,884,146,262,408,250,69,319,2,3,5,2,1,3,735
VERONA DIST 1,513,109,98,207,110,27,137,2,1,3,1,0,1,348
VERONA DIST 2,597,137,109,246,169,30,199,9,3,12,0,0,0,457
VERONA DIST 3,608,114,130,244,180,22,202,2,1,3,1,0,1,450
VERSAILLES DIST 1,558,95,89,184,166,29,195,9,3,12,2,2,4,395
VERSAILLES DIST 2,453,67,93,160,108,21,129,6,1,7,1,0,1,297
WALL,330,41,56,97,95,10,105,2,1,3,0,0,0,205
WEST DEER DIST 1,1452,140,296,436,626,164,790,6,2,8,1,1,2,1236
WEST DEER DIST 2,628,65,92,157,296,59,355,3,3,6,0,0,0,518
WEST DEER DIST 3,877,89,173,262,373,46,419,4,3,7,2,1,3,691
WEST DEER DIST 4,809,84,193,277,297,98,395,3,3,6,0,3,3,681
WEST DEER DIST 5,876,112,144,256,411,44,455,4,4,8,1,0,1,720
WEST DEER DIST 6,772,101,154,255,349,53,402,4,4,8,0,0,0,665
WEST DEER DIST 7,1844,91,552,643,641,270,911,5,10,15,5,8,13,1582
WEST DEER DIST 8,1546,115,445,560,490,225,715,8,8,16,0,3,3,1294
W ELIZABETH,267,58,17,75,109,5,114,1,1,2,0,0,0,191
W HOMESTEAD DIST 1,454,127,76,203,43,10,53,4,0,4,0,0,0,260
W HOMESTEAD DIST 2,459,69,86,155,176,42,218,1,1,2,1,0,1,376
W HOMESTEAD DIST 3,527,72,121,193,200,44,244,1,3,4,0,0,0,441
WEST MIFFLIN DIST 1,697,97,152,249,207,48,255,8,2,10,2,1,3,517
WEST MIFFLIN DIST 2,482,123,138,261,66,12,78,1,0,1,0,1,1,341
WEST MIFFLIN DIST 3,495,83,124,207,116,41,157,5,1,6,3,1,4,374
WEST MIFFLIN DIST 4,435,92,37,129,8,0,8,2,0,2,0,0,0,139
WEST MIFFLIN DIST 5,829,137,191,328,264,83,347,7,0,7,2,2,4,686
WEST MIFFLIN DIST 6,329,36,72,108,109,29,138,2,1,3,0,0,0,249
WEST MIFFLIN DIST 7,746,110,166,276,239,53,292,7,3,10,2,0,2,580
WEST MIFFLIN DIST 8,569,133,128,261,93,26,119,3,1,4,0,1,1,385
WEST MIFFLIN DIST 9,808,132,202,334,199,60,259,6,4,10,0,3,3,606
WEST MIFFLIN DIST 10,521,73,119,192,172,45,217,0,1,1,0,0,0,410
WEST MIFFLIN DIST 11,795,105,165,270,242,59,301,6,4,10,1,1,2,583
WEST MIFFLIN DIST 12,997,140,191,331,282,85,367,2,3,5,1,3,4,707
WEST MIFFLIN DIST 13,584,69,143,212,163,41,204,8,3,11,0,1,1,428
WEST MIFFLIN DIST 14,894,94,231,325,312,89,401,4,2,6,0,3,3,735
WEST MIFFLIN DIST 15,606,112,139,251,151,53,204,3,1,4,0,0,0,459
WEST MIFFLIN DIST 16,1202,113,381,494,318,191,509,2,2,4,0,0,0,1007
WEST MIFFLIN DIST 17,591,78,139,217,213,55,268,2,0,2,0,0,0,487
WEST MIFFLIN DIST 18,833,114,203,317,242,69,311,5,2,7,1,1,2,637
WEST MIFFLIN DIST 19,652,70,149,219,234,86,320,5,0,5,1,3,4,548
WEST MIFFLIN DIST 20,471,69,130,199,141,59,200,4,3,7,2,1,3,409
WEST MIFFLIN DIST 21,684,71,208,279,189,77,266,4,1,5,4,2,6,556
WEST VIEW DIST 1,693,135,174,309,197,42,239,9,4,13,0,0,0,561
WEST VIEW DIST 2,776,135,176,311,221,38,259,7,2,9,4,0,4,583
WEST VIEW DIST 3,604,101,131,232,190,31,221,3,2,5,3,1,4,462
WEST VIEW DIST 4,585,85,156,241,189,38,227,6,0,6,1,1,2,476
WEST VIEW DIST 5,790,124,209,333,220,70,290,5,2,7,1,1,2,632
WEST VIEW DIST 6,719,144,185,329,204,46,250,7,5,12,0,2,2,593
WEST VIEW DIST 7,650,95,204,299,160,61,221,5,1,6,1,0,1,527
WHITAKER DIST 1,433,93,67,160,132,14,146,2,1,3,0,0,0,309
WHITAKER DIST 2,360,62,69,131,88,19,107,0,1,1,0,0,0,239
WHITEHALL DIST 1,551,67,167,234,169,69,238,3,3,6,0,1,1,479
WHITEHALL DIST 2,598,99,159,258,188,43,231,2,2,4,2,2,4,497
WHITEHALL DIST 3,728,88,180,268,235,84,319,3,2,5,0,1,1,593
WHITEHALL DIST 4,670,103,195,298,210,48,258,2,4,6,0,2,2,564
WHITEHALL DIST 5,720,93,237,330,174,53,227,1,1,2,0,0,0,559
WHITEHALL DIST 6,1125,163,265,428,109,38,147,4,4,8,1,2,3,586
WHITEHALL DIST 7,451,68,127,195,110,37,147,2,0,2,0,0,0,344
WHITEHALL DIST 8,790,122,221,343,244,88,332,2,1,3,3,1,4,682
WHITEHALL DIST 9,572,91,182,273,158,48,206,2,3,5,2,2,4,488
WHITEHALL DIST 10,638,86,160,246,205,59,264,4,3,7,0,1,1,518
WHITEHALL DIST 11,637,95,140,235,241,50,291,2,1,3,0,2,2,531
WHITEHALL DIST 12,589,99,163,262,176,48,224,1,1,2,0,2,2,490
WHITEHALL DIST 13,497,67,159,226,138,42,180,4,4,8,2,1,3,417
WHITEHALL DIST 14,585,68,182,250,180,54,234,1,1,2,2,0,2,488
WHITEHALL DIST 15,997,82,331,413,263,152,415,1,2,3,1,3,4,835
WHITEHALL DIST 16,619,96,178,274,172,70,242,4,1,5,0,0,0,521
WHITE OAK DIST 1,774,91,142,233,250,67,317,4,4,8,0,0,0,558
WHITE OAK DIST 2,787,82,180,262,255,61,316,9,4,13,2,0,2,593
WHITE OAK DIST 3,904,112,204,316,316,90,406,3,2,5,0,0,0,727
WHITE OAK DIST 4,736,93,209,302,229,70,299,3,4,7,0,1,1,609
WHITE OAK DIST 5,827,120,182,302,282,71,353,5,3,8,1,2,3,666
WHITE OAK DIST 6,749,67,158,225,289,86,375,2,0,2,3,0,3,605
WHITE OAK DIST 7,1122,124,254,378,379,119,498,3,3,6,2,1,3,885
WILKINS WARD 1 DIST 1,786,145,199,344,157,49,206,9,3,12,1,0,1,563
WILKINS WARD 1 DIST 2,653,120,198,318,172,38,210,1,3,4,0,1,1,533
WILKINS WARD 1 DIST 3,854,153,290,443,160,71,231,4,0,4,1,0,1,679
WILKINS WARD 1 DIST 4,679,135,205,340,155,58,213,5,2,7,2,0,2,562
WILKINS WARD 1 DIST 5,479,87,171,258,48,22,70,4,2,6,0,0,0,334
WILKINS WARD 2 DIST 1,651,120,210,330,151,48,199,3,1,4,2,1,3,536
WILKINS WARD 2 DIST 2,949,195,277,472,164,47,211,5,1,6,2,2,4,693
WILKINSBURG WARD 1 DIST 1,975,193,328,521,21,5,26,1,0,1,0,0,0,548
WILKINSBURG WARD 1 DIST 2,731,200,184,384,17,5,22,1,0,1,1,0,1,408
WILKINSBURG WARD 1 DIST 3,457,119,113,232,7,3,10,0,0,0,0,0,0,242
WILKINSBURG WARD 1 DIST 4,606,95,278,373,26,16,42,1,0,1,1,4,5,421
WILKINSBURG WARD 1 DIST 5,553,97,250,347,45,14,59,1,3,4,1,0,1,411
WILKINSBURG WARD 1 DIST 6,975,160,362,522,25,19,44,1,2,3,2,4,6,575
WILKINSBURG WARD 2 DIST 1,786,144,244,388,24,19,43,2,5,7,0,0,0,438
WILKINSBURG WARD 2 DIST 2,969,182,404,586,56,37,93,1,3,4,3,3,6,689
WILKINSBURG WARD 2 DIST 3,795,200,196,396,27,10,37,2,2,4,2,0,2,439
WILKINSBURG WARD 2 DIST 4,537,118,107,225,11,3,14,2,1,3,2,0,2,244
WILKINSBURG WARD 2 DIST 5,797,148,260,408,10,4,14,3,0,3,5,0,5,430
WILKINSBURG WARD 3 DIST 1,758,151,352,503,55,27,82,3,1,4,3,4,7,596
WILKINSBURG WARD 3 DIST 2,658,117,276,393,32,23,55,2,2,4,0,4,4,456
WILKINSBURG WARD 3 DIST 3,811,177,202,379,14,10,24,2,0,2,1,0,1,406
WILKINSBURG WARD 3 DIST 4,1052,162,434,596,51,24,75,2,5,7,1,4,5,683
WILKINSBURG WARD 3 DIST 5,1039,208,367,575,21,9,30,1,4,5,1,4,5,615
WILKINSBURG WARD 3 DIST 6,545,119,117,236,8,3,11,1,0,1,1,0,1,249
WILMERDING DIST 1,487,97,67,164,68,15,83,4,0,4,3,0,3,254
WILMERDING DIST 2,689,156,118,274,123,19,142,2,3,5,0,1,1,422
Total:,942851,148171,267690,415861,209459,64889,274348,5085,2994,8079,1317,1374,2691,700979
