2020 Unofficial General Election Results,,,,,
City of Philadelphia,,,,,
Divisions 1703 of 1703 Reporting,,,,,
Downloaded at 11/10/2020 5:15:35 PM,,,,,
,,,,,
,,,,,
PRESIDENT AND VICE-PRESIDENT OF THE UNITED STATES<br/>(VOTE FOR 1),Ward-Division,JOSEPH R BIDEN AND KAMALA D HARRIS,DONALD J TRUMP AND MICHAEL R PENCE,JO JORGENSEN AND JEREMY SPIKE COHEN,Write-in
,01-01,307,73,3,2
,01-02,431,95,3,4
,01-03,410,145,4,2
,01-04,356,139,3,2
,01-05,201,45,1,1
,01-06,314,50,2,1
,01-07,267,44,0,2
,01-08,346,77,3,2
,01-09,322,100,2,0
,01-10,418,76,2,3
,01-11,483,87,8,1
,01-12,307,72,4,3
,01-13,509,74,6,2
,01-14,395,51,4,0
,01-15,525,115,6,2
,01-16,322,59,2,1
,01-17,356,133,8,0
,01-18,318,195,4,1
,01-19,330,173,10,3
,01-20,448,109,2,1
,01-21,369,187,5,0
,02-01,554,169,3,0
,02-02,308,79,0,2
,02-03,321,83,3,3
,02-04,426,78,3,1
,02-05,398,89,2,3
,02-06,427,89,5,4
,02-07,564,108,7,4
,02-08,368,81,3,3
,02-09,482,36,3,2
,02-10,438,84,4,1
,02-11,465,96,4,1
,02-12,517,65,6,2
,02-13,207,13,3,3
,02-14,467,63,4,3
,02-15,491,48,5,1
,02-16,534,34,1,3
,02-17,491,58,4,2
,02-18,400,71,1,3
,02-19,442,56,1,1
,02-20,346,32,3,5
,02-21,407,36,3,1
,02-22,662,38,1,2
,02-23,565,61,6,2
,02-24,521,67,3,0
,02-25,426,39,6,2
,02-26,484,41,5,0
,02-27,538,96,4,1
,02-28,450,156,4,0
,02-29,575,69,1,2
,03-01,381,7,2,1
,03-02,420,11,2,0
,03-03,432,9,0,0
,03-04,432,8,2,0
,03-05,335,10,1,0
,03-06,391,6,1,2
,03-07,344,6,2,0
,03-08,393,11,1,3
,03-09,446,11,2,1
,03-10,376,8,0,0
,03-11,450,10,2,1
,03-12,408,5,0,0
,03-13,307,8,2,0
,03-14,390,8,1,1
,03-15,414,2,0,1
,03-16,480,12,1,0
,03-17,442,8,2,1
,03-18,440,10,4,2
,03-19,454,8,0,5
,03-20,337,14,3,1
,03-21,238,7,0,1
,03-22,357,7,0,1
,04-01,328,7,1,1
,04-02,434,4,4,0
,04-03,467,15,2,1
,04-04,308,5,0,0
,04-05,388,6,3,1
,04-06,432,15,1,2
,04-07,454,8,1,0
,04-08,427,7,1,0
,04-09,392,8,0,5
,04-10,399,10,1,1
,04-11,412,13,2,0
,04-12,365,8,0,0
,04-13,426,13,3,1
,04-14,358,10,0,0
,04-15,420,15,0,1
,04-16,438,16,8,1
,04-17,401,3,6,0
,04-18,432,10,2,0
,04-19,283,6,0,0
,04-20,393,15,2,0
,04-21,404,3,1,0
,05-01,438,90,2,1
,05-02,592,115,5,1
,05-03,561,91,4,0
,05-04,755,78,6,3
,05-05,564,85,1,0
,05-06,712,54,2,5
,05-07,575,43,6,1
,05-08,740,52,5,2
,05-09,844,142,9,6
,05-10,741,165,3,2
,05-11,689,71,7,1
,05-12,424,82,1,0
,05-13,295,50,0,0
,05-14,507,43,2,5
,05-15,458,47,10,2
,05-16,485,60,4,0
,05-17,658,87,5,0
,05-18,864,174,5,3
,05-19,752,110,7,1
,05-20,363,29,2,2
,05-21,645,86,1,3
,05-22,439,64,2,2
,05-23,875,113,6,4
,05-24,372,72,4,3
,05-25,523,52,3,2
,05-26,661,98,4,1
,05-27,650,112,11,3
,05-28,931,134,11,4
,05-29,269,31,1,0
,05-30,603,114,9,3
,05-31,329,56,8,1
,05-32,779,89,4,1
,05-33,449,100,5,0
,05-34,415,153,12,1
,05-35,340,56,4,0
,05-36,349,69,4,0
,05-37,418,77,3,1
,06-01,520,20,3,3
,06-02,224,9,0,2
,06-03,588,31,4,7
,06-04,398,19,6,0
,06-05,238,7,0,4
,06-06,283,6,2,1
,06-07,353,8,1,1
,06-08,229,9,0,0
,06-09,242,8,1,1
,06-10,222,3,2,3
,06-11,425,17,4,0
,06-12,315,8,4,0
,06-13,272,5,4,2
,06-14,296,12,1,1
,06-15,320,11,4,1
,06-16,336,11,2,0
,06-17,349,17,3,2
,06-18,389,15,3,0
,07-01,233,35,0,0
,07-02,163,38,2,1
,07-03,158,29,3,0
,07-04,287,49,2,0
,07-05,401,80,3,1
,07-06,265,60,4,2
,07-07,190,50,0,0
,07-08,274,32,2,1
,07-09,170,33,1,2
,07-10,210,58,0,2
,07-11,310,62,1,0
,07-12,330,71,2,1
,07-13,175,32,3,0
,07-14,238,44,3,0
,07-15,146,29,0,0
,07-16,191,24,0,1
,07-17,221,43,0,0
,07-18,257,44,0,1
,07-19,201,39,0,0
,07-20,159,25,0,0
,07-21,267,49,0,0
,07-22,178,32,1,0
,07-23,135,45,1,1
,08-01,565,43,4,1
,08-02,526,75,3,4
,08-03,773,83,4,4
,08-04,667,85,0,7
,08-05,443,56,3,4
,08-06,498,100,3,2
,08-07,634,108,5,4
,08-08,649,101,7,1
,08-09,801,90,8,5
,08-10,845,139,8,0
,08-11,592,99,3,1
,08-12,673,94,2,0
,08-13,483,71,2,2
,08-14,508,61,3,3
,08-15,554,121,4,0
,08-16,438,68,2,1
,08-17,631,139,4,1
,08-18,793,128,5,2
,08-19,584,74,7,5
,08-20,447,95,4,3
,08-21,424,88,2,2
,08-22,496,98,5,0
,08-23,648,114,5,3
,08-24,516,75,4,1
,08-25,954,198,7,0
,08-26,601,74,7,5
,08-27,517,60,3,1
,08-28,573,39,4,2
,08-29,762,143,2,1
,08-30,930,157,9,3
,08-31,645,82,4,5
,08-32,513,57,4,5
,08-33,571,63,6,1
,08-34,487,89,5,0
,08-35,480,71,4,1
,09-01,498,25,1,3
,09-02,493,34,2,1
,09-03,663,39,4,2
,09-04,498,62,3,2
,09-05,532,64,2,4
,09-06,596,87,0,3
,09-07,468,88,3,3
,09-08,359,58,3,0
,09-09,704,85,1,1
,09-10,703,89,9,4
,09-11,778,103,3,1
,09-12,663,48,8,2
,09-13,542,13,1,4
,09-14,419,10,4,3
,09-15,531,19,1,0
,09-16,484,42,6,1
,09-17,392,26,6,3
,10-01,399,4,1,2
,10-02,519,15,1,0
,10-03,426,9,1,2
,10-04,400,11,0,0
,10-05,419,11,0,2
,10-06,414,4,1,0
,10-07,377,9,2,2
,10-08,406,9,1,0
,10-09,392,4,1,1
,10-10,354,7,0,0
,10-11,470,13,0,0
,10-12,460,6,4,0
,10-13,563,7,3,0
,10-14,512,17,1,1
,10-15,388,2,4,0
,10-16,397,4,2,0
,10-17,383,11,2,2
,10-18,405,6,1,0
,10-19,401,7,3,3
,10-20,485,13,4,0
,10-21,545,3,3,1
,10-22,308,14,1,1
,10-23,408,9,1,1
,10-24,387,8,0,1
,10-25,426,5,1,0
,10-26,419,6,3,1
,10-27,397,11,1,1
,10-28,370,4,2,1
,10-29,450,14,2,0
,11-01,159,4,0,0
,11-02,310,10,0,1
,11-03,247,5,1,0
,11-04,132,6,3,0
,11-05,230,7,0,0
,11-06,178,4,2,0
,11-07,305,7,0,1
,11-08,365,9,0,2
,11-09,342,20,2,0
,11-10,197,3,1,0
,11-11,327,16,0,0
,11-12,198,10,1,0
,11-13,369,7,2,0
,11-14,249,9,3,0
,11-15,166,5,1,0
,11-16,317,5,2,0
,11-17,190,17,3,1
,11-18,254,9,0,0
,11-19,354,13,2,1
,11-20,365,9,1,0
,12-01,389,8,3,1
,12-02,322,11,1,1
,12-03,297,13,1,1
,12-04,244,14,0,3
,12-05,501,22,4,1
,12-06,315,22,3,0
,12-07,406,20,1,2
,12-08,447,20,3,6
,12-09,324,10,5,2
,12-10,381,9,3,0
,12-11,475,23,7,3
,12-12,375,10,5,1
,12-13,323,16,0,0
,12-14,443,17,4,0
,12-15,476,30,1,3
,12-16,485,25,2,0
,12-17,460,15,5,1
,12-18,332,19,3,1
,12-19,285,11,4,1
,12-20,330,12,4,0
,12-21,289,5,1,1
,12-22,449,21,0,3
,12-23,525,13,3,5
,12-24,375,9,1,0
,13-01,440,13,1,1
,13-02,297,7,0,0
,13-03,289,14,2,0
,13-04,435,28,3,0
,13-05,431,20,2,2
,13-06,372,7,1,1
,13-07,182,4,1,0
,13-08,276,6,2,0
,13-09,333,8,3,0
,13-10,269,10,2,1
,13-11,324,12,0,0
,13-12,310,8,0,1
,13-13,300,10,2,1
,13-14,348,9,0,0
,13-15,296,5,2,1
,13-16,337,8,1,0
,13-17,371,8,0,0
,13-18,339,20,2,1
,13-19,363,10,4,1
,13-20,316,9,1,2
,13-21,224,7,2,1
,13-22,496,21,0,1
,13-23,269,15,0,0
,13-24,217,9,1,0
,13-25,264,4,1,0
,14-01,731,84,3,0
,14-02,337,10,2,0
,14-03,342,3,1,1
,14-04,525,16,2,4
,14-05,262,21,2,1
,14-06,271,5,0,0
,14-07,371,33,4,3
,14-08,94,4,0,0
,14-09,305,41,1,0
,14-10,442,57,1,4
,14-11,271,14,1,1
,15-01,657,83,7,6
,15-02,579,88,4,5
,15-03,690,67,8,2
,15-04,351,40,5,0
,15-05,458,54,5,0
,15-06,634,72,0,0
,15-07,779,82,7,3
,15-08,500,71,1,1
,15-09,481,75,5,1
,15-10,633,50,3,3
,15-11,573,69,6,0
,15-12,471,56,5,1
,15-13,435,36,4,0
,15-14,467,72,3,2
,15-15,383,30,1,2
,15-16,488,54,2,2
,15-17,506,66,3,1
,15-18,563,63,5,2
,15-19,471,88,5,4
,16-01,183,13,1,1
,16-02,255,8,0,3
,16-03,308,9,1,0
,16-04,190,5,0,0
,16-05,201,5,1,1
,16-06,232,11,0,0
,16-07,253,7,0,0
,16-08,201,6,1,1
,16-09,248,4,1,1
,16-10,156,11,1,0
,16-11,241,6,0,0
,16-12,252,2,1,1
,16-13,208,7,1,1
,16-14,135,5,4,0
,16-15,224,10,1,1
,16-16,179,14,1,0
,16-17,339,10,2,0
,16-18,342,5,2,0
,17-01,345,20,1,1
,17-02,354,3,0,0
,17-03,404,7,0,0
,17-04,433,46,1,0
,17-05,276,8,2,0
,17-06,318,6,1,2
,17-07,434,15,0,0
,17-08,346,3,1,2
,17-09,319,6,1,0
,17-10,398,16,3,2
,17-11,338,12,1,1
,17-12,392,14,2,2
,17-13,370,10,1,2
,17-14,429,15,2,1
,17-15,333,12,1,4
,17-16,219,6,2,0
,17-17,265,12,0,3
,17-18,368,11,4,1
,17-19,283,4,2,1
,17-20,385,16,1,0
,17-21,459,15,1,0
,17-22,383,13,2,1
,17-23,249,14,1,0
,17-24,423,13,2,2
,17-25,301,4,0,1
,17-26,134,4,1,0
,17-27,288,11,1,0
,17-28,293,6,2,2
,17-29,352,5,2,1
,18-01,545,87,6,3
,18-02,372,69,4,1
,18-03,234,32,2,1
,18-04,384,83,8,1
,18-05,478,156,7,2
,18-06,504,119,4,3
,18-07,471,129,5,3
,18-08,130,20,4,3
,18-09,612,83,3,3
,18-10,534,114,12,4
,18-11,415,120,4,0
,18-12,427,127,12,0
,18-13,264,30,2,2
,18-14,582,50,10,2
,18-15,400,43,2,1
,18-16,573,87,2,4
,18-17,666,91,7,3
,18-18,724,122,11,5
,18-19,513,121,9,4
,19-01,203,32,3,0
,19-02,280,65,0,0
,19-03,180,33,2,0
,19-04,193,32,1,0
,19-05,161,38,0,0
,19-06,171,27,1,0
,19-07,224,33,2,1
,19-08,221,34,1,1
,19-09,201,31,1,1
,19-10,382,66,4,4
,19-11,253,29,3,1
,19-12,274,46,3,2
,19-13,240,33,3,0
,19-14,115,20,2,1
,19-15,177,20,0,1
,19-16,299,38,3,0
,19-17,180,19,0,0
,19-18,202,15,2,0
,19-19,189,35,2,0
,20-01,383,38,8,2
,20-02,226,27,1,0
,20-03,313,9,0,1
,20-04,414,13,2,0
,20-05,133,9,0,1
,20-06,416,22,1,0
,20-07,358,10,1,3
,20-08,230,13,1,1
,20-09,215,17,4,2
,20-10,346,24,1,0
,20-11,409,28,1,2
,21-01,446,92,8,3
,21-02,534,151,10,1
,21-03,300,33,4,0
,21-04,436,105,9,6
,21-05,598,234,8,4
,21-06,439,95,10,5
,21-07,536,124,12,5
,21-08,402,90,11,5
,21-09,561,137,10,2
,21-10,333,107,3,0
,21-11,485,80,6,2
,21-12,394,87,6,5
,21-13,403,102,6,3
,21-14,528,88,10,5
,21-15,528,116,8,1
,21-16,318,135,7,3
,21-17,494,146,5,2
,21-18,364,89,6,1
,21-19,348,104,9,0
,21-20,350,82,5,0
,21-21,354,142,11,6
,21-22,593,236,13,1
,21-23,735,71,10,3
,21-24,734,56,6,3
,21-25,445,158,13,2
,21-26,336,154,5,0
,21-27,451,129,7,1
,21-28,330,176,3,3
,21-29,610,232,14,8
,21-30,494,233,8,0
,21-31,323,174,5,0
,21-32,275,177,2,0
,21-33,582,259,5,5
,21-34,533,323,9,2
,21-35,473,134,5,2
,21-36,325,90,5,2
,21-37,369,144,8,2
,21-38,337,240,3,1
,21-39,536,198,12,2
,21-40,517,201,7,3
,21-41,425,219,10,5
,21-42,250,186,5,0
,21-43,271,139,5,2
,21-44,320,329,8,6
,21-45,379,136,6,0
,22-01,661,20,2,0
,22-02,646,33,0,2
,22-03,460,21,1,2
,22-04,401,10,6,1
,22-05,537,23,1,1
,22-06,662,29,6,3
,22-07,648,30,8,3
,22-08,400,6,1,0
,22-09,416,6,3,1
,22-10,480,13,4,0
,22-11,331,16,3,3
,22-12,415,13,3,3
,22-13,413,8,3,1
,22-14,460,11,5,1
,22-15,446,13,4,4
,22-16,437,15,1,2
,22-17,421,12,3,1
,22-18,367,9,2,3
,22-19,419,10,6,1
,22-20,339,9,0,2
,22-21,362,9,1,2
,22-22,408,9,2,1
,22-23,406,14,3,2
,22-24,405,21,2,3
,22-25,367,13,0,1
,22-26,407,18,2,2
,22-27,440,7,6,1
,22-28,377,6,0,2
,22-29,441,24,2,0
,23-01,169,43,0,0
,23-02,229,65,1,3
,23-03,183,35,0,0
,23-04,375,86,2,0
,23-05,294,42,3,0
,23-06,328,67,2,4
,23-07,346,46,4,1
,23-08,361,60,6,2
,23-09,341,80,5,9
,23-10,546,141,6,5
,23-11,369,96,1,0
,23-12,334,64,1,3
,23-13,412,92,3,2
,23-14,254,181,8,5
,23-15,230,83,2,1
,23-16,323,30,2,0
,23-17,269,30,3,0
,23-18,268,11,2,1
,23-19,282,32,0,0
,23-20,304,52,4,0
,23-21,356,31,3,1
,23-22,253,51,2,1
,23-23,189,50,1,0
,24-01,350,22,3,0
,24-02,329,20,2,1
,24-03,380,14,5,1
,24-04,323,12,2,0
,24-05,447,34,0,6
,24-06,688,71,0,3
,24-07,349,10,3,1
,24-08,574,28,6,5
,24-09,258,3,4,0
,24-10,125,20,2,0
,24-11,303,15,3,0
,24-12,304,7,3,0
,24-13,261,15,1,0
,24-14,283,4,2,0
,24-15,164,5,2,2
,24-16,171,5,0,0
,24-17,173,7,0,2
,24-18,140,21,2,1
,24-19,248,25,0,2
,25-01,190,172,5,3
,25-02,220,65,3,2
,25-03,244,175,4,2
,25-04,224,183,12,6
,25-05,216,207,1,0
,25-06,181,149,5,0
,25-07,195,205,2,0
,25-08,224,145,5,1
,25-09,176,55,1,1
,25-10,169,128,4,1
,25-11,232,118,6,2
,25-12,215,153,3,3
,25-13,228,39,4,0
,25-14,171,34,1,0
,25-15,186,49,1,2
,25-16,147,33,1,2
,25-17,167,28,3,0
,25-18,195,54,2,1
,25-19,190,55,1,0
,25-20,221,32,2,0
,25-21,169,46,1,0
,25-22,171,146,6,1
,25-23,244,99,6,1
,25-24,190,66,5,3
,26-01,131,303,4,2
,26-02,180,491,3,0
,26-03,125,322,3,0
,26-04,141,307,3,0
,26-05,156,295,3,1
,26-06,190,370,2,0
,26-07,172,297,4,0
,26-08,219,301,7,2
,26-09,175,355,4,0
,26-10,206,141,2,0
,26-11,204,183,1,1
,26-12,230,213,3,1
,26-13,166,210,2,0
,26-14,238,204,3,3
,26-15,162,225,1,2
,26-16,304,126,1,4
,26-17,242,127,1,0
,26-18,213,202,3,2
,26-19,227,198,1,1
,26-20,95,156,0,0
,26-21,178,166,4,0
,26-22,237,101,1,0
,26-23,480,450,5,1
,27-01,316,43,2,3
,27-02,455,26,5,3
,27-03,169,35,1,0
,27-04,256,7,5,1
,27-05,393,36,6,5
,27-06,606,63,2,2
,27-07,380,27,6,1
,27-08,226,21,1,1
,27-09,518,53,3,2
,27-10,250,10,2,0
,27-11,541,68,2,2
,27-12,268,5,1,0
,27-13,473,29,4,6
,27-14,463,30,6,4
,27-15,392,15,1,2
,27-16,282,18,2,3
,27-17,269,11,5,0
,27-18,133,9,0,1
,27-19,422,56,3,1
,27-20,135,8,0,3
,27-21,124,9,1,1
,27-22,315,30,1,1
,27-23,538,30,1,5
,28-01,214,4,0,0
,28-02,248,6,0,0
,28-03,297,5,2,0
,28-04,252,10,1,1
,28-05,327,9,3,1
,28-06,281,8,1,1
,28-07,181,6,0,0
,28-08,353,9,1,0
,28-09,353,10,1,0
,28-10,250,6,1,0
,28-11,197,7,0,0
,28-12,259,8,2,1
,28-13,264,10,0,0
,28-14,221,7,2,0
,28-15,226,5,0,1
,28-16,212,4,0,0
,28-17,221,5,0,1
,28-18,253,14,0,0
,29-01,327,34,0,3
,29-02,155,2,2,1
,29-03,529,29,5,8
,29-04,166,3,0,0
,29-05,122,4,0,0
,29-06,133,2,3,0
,29-07,47,2,1,0
,29-08,209,11,1,0
,29-09,188,7,1,2
,29-10,825,61,5,4
,29-11,370,23,2,1
,29-12,459,37,3,4
,29-13,373,15,3,2
,29-14,227,9,2,1
,29-15,253,13,6,4
,29-16,297,12,2,2
,29-17,277,14,0,1
,29-18,306,19,6,0
,30-01,795,80,7,4
,30-02,487,60,1,3
,30-03,484,41,2,3
,30-04,419,39,1,1
,30-05,485,47,7,2
,30-06,578,30,2,3
,30-07,846,92,7,1
,30-08,576,44,3,2
,30-09,671,49,7,2
,30-10,466,40,5,1
,30-11,516,43,6,2
,30-12,481,33,2,2
,30-13,581,50,5,0
,30-14,483,28,1,2
,30-15,592,39,2,2
,30-16,643,88,5,2
,30-17,1167,155,4,5
,31-01,567,62,2,4
,31-02,170,56,0,0
,31-03,513,81,5,0
,31-04,438,144,7,3
,31-05,339,99,3,0
,31-06,306,85,2,2
,31-07,434,188,13,1
,31-08,598,95,7,5
,31-09,492,47,4,0
,31-10,391,58,13,3
,31-11,412,106,9,0
,31-12,312,108,7,3
,31-13,336,85,4,1
,31-14,285,98,2,1
,31-15,405,128,8,2
,31-16,365,166,8,1
,31-17,251,129,3,0
,31-18,250,87,2,1
,31-19,266,115,3,3
,32-01,143,6,2,0
,32-02,224,3,1,1
,32-03,227,5,2,1
,32-04,233,11,2,2
,32-05,138,10,5,1
,32-06,242,19,2,0
,32-07,304,22,4,3
,32-08,223,14,5,3
,32-09,348,20,4,1
,32-10,317,12,0,1
,32-11,320,18,2,1
,32-12,282,10,1,2
,32-13,170,5,0,0
,32-14,123,10,1,0
,32-15,231,6,1,1
,32-16,194,8,0,1
,32-17,190,7,1,1
,32-18,253,8,0,0
,32-19,250,5,0,0
,32-20,231,7,0,0
,32-21,260,6,3,1
,32-22,229,6,0,0
,32-23,259,8,1,0
,32-24,215,7,1,1
,32-25,285,9,2,0
,32-26,224,2,0,1
,32-27,232,6,3,0
,32-28,370,9,1,0
,32-29,239,10,0,1
,32-30,255,9,0,3
,32-31,279,6,4,1
,33-01,283,97,0,1
,33-02,291,95,0,0
,33-03,214,91,2,0
,33-04,211,89,2,0
,33-05,237,62,1,0
,33-06,284,93,0,3
,33-07,366,58,0,0
,33-08,286,64,2,0
,33-09,282,77,5,2
,33-10,252,74,3,0
,33-11,345,83,2,0
,33-12,381,101,3,0
,33-13,267,82,2,1
,33-14,220,69,4,1
,33-15,217,61,3,1
,33-16,164,54,2,0
,33-17,141,30,1,0
,33-18,133,24,1,1
,33-19,210,45,0,0
,33-20,166,32,0,1
,33-21,158,22,0,0
,33-22,262,43,1,0
,33-23,176,36,2,0
,33-24,295,38,3,2
,34-01,278,8,0,1
,34-02,374,8,2,0
,34-03,288,11,1,1
,34-04,244,3,1,0
,34-05,280,9,0,1
,34-06,411,12,1,1
,34-07,385,11,6,0
,34-08,467,8,0,1
,34-09,298,11,4,0
,34-10,403,6,3,0
,34-11,447,7,3,1
,34-12,511,24,3,2
,34-13,450,16,2,0
,34-14,476,27,8,2
,34-15,479,9,5,0
,34-16,329,15,1,1
,34-17,445,24,2,0
,34-18,466,27,3,1
,34-19,602,35,2,1
,34-20,566,12,4,1
,34-21,611,17,1,1
,34-22,457,42,0,1
,34-23,458,73,1,3
,34-24,353,11,2,2
,34-25,434,105,7,1
,34-26,248,9,3,0
,34-27,426,15,3,0
,34-28,416,25,2,0
,34-29,469,33,1,1
,34-30,436,32,1,1
,34-31,497,39,4,0
,34-32,371,16,3,1
,34-33,467,26,2,1
,34-34,384,59,2,5
,34-35,284,11,0,0
,34-36,300,10,1,0
,34-37,373,18,2,1
,34-38,316,4,1,0
,34-39,439,36,3,1
,34-40,395,26,2,0
,34-41,547,31,0,4
,34-42,305,9,0,0
,35-01,379,111,7,1
,35-02,349,145,3,2
,35-03,277,108,5,0
,35-04,264,101,4,1
,35-05,385,159,4,1
,35-06,355,65,3,0
,35-07,421,146,3,2
,35-08,304,72,2,0
,35-09,515,99,5,1
,35-10,375,45,2,1
,35-11,365,67,2,3
,35-12,314,82,1,1
,35-13,444,31,3,0
,35-14,267,22,2,1
,35-15,290,26,1,2
,35-16,344,47,3,0
,35-17,378,30,3,1
,35-18,379,42,0,0
,35-19,348,33,0,0
,35-20,324,70,2,3
,35-21,396,55,3,1
,35-22,342,51,4,0
,35-23,327,33,3,0
,35-24,353,38,4,0
,35-25,303,75,3,1
,35-26,239,40,2,1
,35-27,188,62,1,0
,35-28,274,25,1,0
,35-29,238,66,0,1
,35-30,268,37,1,0
,35-31,267,40,2,0
,35-32,302,102,5,1
,36-01,369,24,5,1
,36-02,377,27,3,1
,36-03,375,30,4,0
,36-04,292,12,4,0
,36-05,411,17,2,1
,36-06,426,36,6,0
,36-07,408,31,3,2
,36-08,466,33,2,1
,36-09,411,29,1,1
,36-10,406,11,4,3
,36-11,330,19,4,1
,36-12,337,19,0,2
,36-13,393,26,4,0
,36-14,208,73,0,0
,36-15,342,17,2,0
,36-16,337,27,4,1
,36-17,304,28,3,0
,36-18,383,18,5,3
,36-19,294,9,0,0
,36-20,356,39,0,1
,36-21,315,23,2,0
,36-22,293,6,2,0
,36-23,335,24,2,2
,36-24,241,14,1,0
,36-25,326,56,3,4
,36-26,239,64,4,1
,36-27,243,109,3,2
,36-28,352,30,2,0
,36-29,346,66,4,2
,36-30,253,46,1,0
,36-31,371,51,2,0
,36-32,350,26,2,0
,36-33,326,55,3,3
,36-34,375,40,4,1
,36-35,498,33,7,1
,36-36,487,33,2,1
,36-37,512,42,3,1
,36-38,433,38,1,1
,36-39,505,35,4,2
,36-40,617,41,6,2
,36-41,287,50,4,0
,37-01,113,9,0,0
,37-02,281,16,0,0
,37-03,165,7,0,1
,37-04,259,15,2,0
,37-05,258,11,1,0
,37-06,150,15,0,0
,37-07,206,12,0,0
,37-08,197,7,2,0
,37-09,223,8,0,0
,37-10,260,17,0,0
,37-11,247,13,0,0
,37-12,218,5,1,0
,37-13,200,22,0,2
,37-14,314,17,6,0
,37-15,251,30,0,0
,37-16,259,20,1,1
,37-17,171,15,4,0
,37-18,321,32,1,1
,37-19,221,41,1,0
,37-20,243,36,0,0
,37-21,337,29,4,0
,38-01,268,4,1,0
,38-02,320,3,2,2
,38-03,488,9,1,0
,38-04,322,2,1,1
,38-05,347,8,2,0
,38-06,385,7,2,1
,38-07,395,14,1,1
,38-08,336,6,1,0
,38-09,724,50,5,4
,38-10,416,17,2,1
,38-11,339,35,1,0
,38-12,450,70,8,2
,38-13,445,81,4,0
,38-14,365,59,4,2
,38-15,504,75,4,0
,38-16,368,90,6,3
,38-17,447,28,1,4
,38-18,415,70,3,2
,38-19,280,33,4,2
,38-20,302,94,3,2
,38-21,348,5,1,0
,39-01,199,150,2,0
,39-02,176,74,4,1
,39-03,253,235,3,0
,39-04,147,121,0,1
,39-05,327,53,6,0
,39-06,169,219,3,0
,39-07,284,296,6,0
,39-08,257,185,4,2
,39-09,271,46,3,0
,39-10,386,65,1,3
,39-11,152,56,0,1
,39-12,139,122,2,1
,39-13,304,101,0,2
,39-14,106,203,3,0
,39-15,252,294,4,1
,39-16,143,85,0,1
,39-17,187,88,0,1
,39-18,105,73,2,0
,39-19,201,57,0,1
,39-20,257,247,4,1
,39-21,185,283,9,1
,39-22,249,150,6,3
,39-23,166,51,2,3
,39-24,378,169,4,0
,39-25,254,233,4,0
,39-26,423,125,5,4
,39-27,355,123,4,0
,39-28,416,52,3,0
,39-29,155,190,2,1
,39-30,428,121,3,1
,39-31,229,193,2,2
,39-32,272,86,1,3
,39-33,166,174,0,0
,39-34,182,102,2,0
,39-35,403,154,6,1
,39-36,168,299,3,0
,39-37,326,199,6,1
,39-38,292,133,4,1
,39-39,212,207,3,0
,39-40,235,66,5,0
,39-41,177,282,2,3
,39-42,197,152,3,2
,39-43,191,186,1,0
,39-44,217,193,5,1
,39-45,476,180,2,3
,39-46,485,163,3,0
,40-01,235,52,0,1
,40-02,302,9,0,0
,40-03,481,14,1,0
,40-04,369,12,3,2
,40-05,454,18,1,2
,40-06,292,23,1,2
,40-07,402,10,3,0
,40-08,245,9,0,0
,40-09,374,17,1,0
,40-10,210,23,0,1
,40-11,270,34,1,1
,40-12,289,19,1,1
,40-13,368,20,0,0
,40-14,402,34,4,0
,40-15,216,29,0,1
,40-16,346,23,3,1
,40-17,265,29,0,2
,40-18,267,19,1,0
,40-19,277,62,1,0
,40-20,178,21,1,0
,40-21,214,46,2,0
,40-22,255,13,0,0
,40-23,330,30,3,0
,40-24,458,33,2,1
,40-25,344,45,2,1
,40-26,245,21,2,1
,40-27,260,10,2,0
,40-28,506,70,2,0
,40-29,365,18,3,0
,40-30,387,23,1,0
,40-31,346,24,0,1
,40-32,400,39,3,1
,40-33,234,24,0,2
,40-34,188,16,1,0
,40-35,375,43,0,0
,40-36,349,20,2,0
,40-37,533,62,2,0
,40-38,526,30,2,2
,40-39,324,15,1,0
,40-40,590,30,2,0
,40-41,296,30,0,0
,40-42,399,41,3,1
,40-43,275,42,0,1
,40-44,472,22,1,0
,40-45,416,35,1,0
,40-46,382,37,2,2
,40-47,126,5,0,0
,40-48,406,45,1,2
,40-49,326,138,4,0
,40-50,363,47,4,0
,40-51,297,31,1,1
,41-01,209,82,5,0
,41-02,276,67,0,1
,41-03,220,51,1,0
,41-04,235,101,4,0
,41-05,154,61,1,0
,41-06,243,102,0,1
,41-07,197,68,2,0
,41-08,251,90,1,2
,41-09,272,100,3,0
,41-10,241,112,2,0
,41-11,228,77,3,0
,41-12,227,89,5,1
,41-13,239,126,5,0
,41-14,233,94,2,0
,41-15,223,106,5,2
,41-16,160,80,1,2
,41-17,180,124,0,1
,41-18,177,108,3,2
,41-19,198,104,5,0
,41-20,222,92,4,2
,41-21,207,106,4,0
,41-22,222,110,3,0
,41-23,222,128,1,1
,41-24,232,109,1,0
,41-25,252,155,3,0
,41-26,198,90,0,1
,42-01,440,78,2,0
,42-02,288,75,0,1
,42-03,287,57,1,0
,42-04,280,43,2,0
,42-05,425,55,4,0
,42-06,250,79,3,0
,42-07,283,60,1,0
,42-08,370,66,2,0
,42-09,310,47,2,0
,42-10,315,78,2,0
,42-11,344,37,1,0
,42-12,325,23,3,0
,42-13,488,35,0,0
,42-14,420,49,1,2
,42-15,513,72,2,1
,42-16,356,50,2,3
,42-17,318,47,4,1
,42-18,381,62,2,1
,42-19,399,60,6,0
,42-20,427,50,5,0
,42-21,264,27,1,0
,42-22,365,40,5,2
,42-23,228,37,0,0
,42-24,384,69,7,1
,42-25,315,35,2,1
,43-01,186,9,0,0
,43-02,397,41,3,0
,43-03,300,42,3,0
,43-04,307,19,2,0
,43-05,279,19,1,0
,43-06,264,38,1,0
,43-07,358,34,1,0
,43-08,290,22,0,0
,43-09,234,14,2,3
,43-10,205,3,0,0
,43-11,181,20,1,0
,43-12,219,49,0,0
,43-13,255,26,2,2
,43-14,252,9,0,2
,43-15,218,4,1,1
,43-16,261,18,1,0
,43-17,217,33,2,2
,43-18,310,41,1,0
,43-19,281,48,3,1
,43-20,297,34,5,0
,43-21,228,29,1,0
,43-22,183,10,0,0
,43-23,188,6,2,1
,43-24,242,10,1,0
,43-25,276,21,0,1
,44-01,351,7,0,2
,44-02,371,7,2,0
,44-03,228,9,1,0
,44-04,310,8,5,0
,44-05,242,9,1,0
,44-06,381,11,1,2
,44-07,384,9,2,1
,44-08,244,8,3,1
,44-09,269,9,1,1
,44-10,348,7,0,1
,44-11,370,5,2,1
,44-12,194,8,0,0
,44-13,271,9,0,0
,44-14,328,19,2,1
,44-15,327,11,1,1
,44-16,294,6,1,1
,44-17,267,13,0,1
,44-18,232,8,2,1
,44-19,326,12,1,1
,45-01,169,303,5,1
,45-02,187,145,5,2
,45-03,232,479,11,1
,45-04,223,350,4,0
,45-05,199,303,4,4
,45-06,197,243,6,2
,45-07,178,163,8,1
,45-08,214,83,3,0
,45-09,197,54,0,1
,45-10,199,49,0,0
,45-11,263,53,1,1
,45-12,88,91,5,0
,45-13,208,61,1,1
,45-14,55,32,0,0
,45-15,251,262,4,1
,45-16,205,45,3,0
,45-17,271,59,2,2
,45-18,176,61,1,0
,45-19,204,39,3,0
,45-20,170,364,5,0
,45-21,193,45,3,0
,45-22,154,225,4,0
,45-23,198,318,8,1
,45-24,271,343,7,0
,45-25,145,296,7,2
,46-01,569,21,7,3
,46-02,429,13,1,5
,46-03,495,10,3,2
,46-04,358,7,6,2
,46-05,347,11,3,3
,46-06,447,8,4,1
,46-07,453,13,2,3
,46-08,651,30,5,2
,46-09,474,9,5,2
,46-10,398,8,0,4
,46-11,431,9,0,0
,46-12,434,10,0,1
,46-13,338,8,3,1
,46-14,317,7,3,4
,46-15,396,11,2,1
,46-16,618,32,3,10
,46-17,713,28,3,5
,46-18,474,15,4,4
,46-19,621,29,4,4
,46-20,339,19,2,2
,46-21,262,8,1,0
,46-22,662,31,5,7
,46-23,621,22,2,5
,47-01,557,57,6,2
,47-02,289,15,3,1
,47-03,437,30,5,2
,47-04,197,13,2,0
,47-05,275,11,1,1
,47-06,234,13,3,0
,47-07,261,8,2,0
,47-08,237,12,4,2
,47-09,183,8,1,1
,47-10,148,10,1,6
,47-11,178,3,2,0
,47-12,237,10,2,2
,47-13,202,8,1,0
,47-14,126,0,0,1
,48-01,368,57,0,1
,48-02,425,19,3,2
,48-03,449,21,4,1
,48-04,413,17,3,0
,48-05,300,41,2,4
,48-06,313,21,5,0
,48-07,270,96,2,0
,48-08,405,17,1,4
,48-09,295,29,0,2
,48-10,224,91,3,0
,48-11,219,15,1,1
,48-12,361,76,1,2
,48-13,346,103,1,1
,48-14,281,68,2,1
,48-15,352,51,6,1
,48-16,323,54,1,4
,48-17,371,93,2,0
,48-18,278,65,2,1
,48-19,172,116,0,1
,48-20,318,67,2,3
,48-21,519,20,3,3
,48-22,123,90,0,0
,48-23,350,17,1,0
,49-01,315,26,1,2
,49-02,479,23,3,2
,49-03,660,31,5,5
,49-04,328,12,0,0
,49-05,495,15,3,0
,49-06,415,11,1,0
,49-07,484,12,4,2
,49-08,514,27,2,3
,49-09,605,70,3,0
,49-10,426,15,0,0
,49-11,382,26,3,0
,49-12,450,8,3,0
,49-13,244,14,0,2
,49-14,356,13,1,0
,49-15,395,18,2,0
,49-16,411,18,4,3
,49-17,430,32,7,3
,49-18,449,19,3,1
,49-19,437,14,3,1
,49-20,494,14,1,1
,49-21,586,39,5,0
,49-22,544,8,1,1
,50-01,419,12,0,0
,50-02,529,12,1,2
,50-03,536,17,0,0
,50-04,490,7,3,0
,50-05,483,10,0,0
,50-06,398,17,1,1
,50-07,553,14,1,0
,50-08,506,19,1,0
,50-09,478,19,2,0
,50-10,432,21,0,1
,50-11,370,9,1,2
,50-12,498,22,1,0
,50-13,437,11,2,1
,50-14,416,15,2,0
,50-15,458,15,1,1
,50-16,543,12,2,0
,50-17,451,9,2,1
,50-18,454,11,3,1
,50-19,560,18,1,0
,50-20,504,9,0,2
,50-21,597,16,2,3
,50-22,553,17,3,1
,50-23,406,7,2,0
,50-24,511,18,1,0
,50-25,398,4,3,1
,50-26,459,12,1,2
,50-27,471,13,2,2
,50-28,485,15,1,1
,50-29,519,18,3,0
,50-30,382,11,0,0
,51-01,303,7,2,0
,51-02,308,15,3,3
,51-03,377,11,2,0
,51-04,420,8,3,1
,51-05,436,8,4,0
,51-06,519,13,1,2
,51-07,322,5,0,2
,51-08,234,7,0,1
,51-09,287,5,0,1
,51-10,248,27,2,0
,51-11,281,7,0,1
,51-12,396,5,0,2
,51-13,377,13,0,0
,51-14,556,11,1,5
,51-15,366,15,2,0
,51-16,306,12,1,0
,51-17,356,16,1,4
,51-18,366,7,2,1
,51-19,268,2,0,0
,51-20,274,7,2,0
,51-21,257,6,1,1
,51-22,361,9,1,0
,51-23,264,7,4,0
,51-24,326,20,3,0
,51-25,435,19,1,2
,51-26,288,9,1,0
,51-27,268,12,1,1
,51-28,356,10,2,0
,52-01,298,5,1,0
,52-02,412,25,3,1
,52-03,213,64,3,1
,52-04,263,15,0,1
,52-05,375,29,2,2
,52-06,395,23,5,2
,52-07,454,48,6,1
,52-08,315,18,0,0
,52-09,422,36,0,2
,52-10,370,32,6,0
,52-11,467,37,3,0
,52-12,573,50,7,0
,52-13,507,22,3,3
,52-14,411,23,1,2
,52-15,455,23,3,4
,52-16,534,42,0,3
,52-17,482,16,5,1
,52-18,478,15,0,1
,52-19,439,17,1,0
,52-20,412,26,4,4
,52-21,385,6,3,0
,52-22,431,15,1,2
,52-23,431,12,2,2
,52-24,442,9,0,2
,52-25,524,10,4,2
,52-26,508,12,4,1
,52-27,514,20,4,0
,52-28,257,58,1,0
,53-01,355,57,1,0
,53-02,385,61,1,2
,53-03,374,51,2,2
,53-04,372,71,3,0
,53-05,429,64,7,0
,53-06,281,80,3,0
,53-07,331,65,2,0
,53-08,213,38,2,1
,53-09,230,55,2,0
,53-10,224,53,1,0
,53-11,255,72,2,0
,53-12,345,116,2,2
,53-13,331,71,2,0
,53-14,256,106,4,1
,53-15,315,106,0,1
,53-16,256,127,3,0
,53-17,262,83,1,0
,53-18,309,129,0,3
,53-19,323,111,3,1
,53-20,296,190,3,1
,53-21,349,188,2,1
,53-22,312,90,4,1
,53-23,229,56,1,0
,54-01,314,30,3,0
,54-02,360,31,1,0
,54-03,297,54,3,1
,54-04,313,56,0,2
,54-05,257,57,1,1
,54-06,274,65,3,1
,54-07,232,47,4,3
,54-08,189,63,2,1
,54-09,330,62,1,1
,54-10,188,85,1,1
,54-11,186,36,0,0
,54-12,291,48,3,1
,54-13,248,55,2,1
,54-14,147,34,1,0
,54-15,163,72,1,0
,54-16,186,76,4,0
,54-17,215,34,3,0
,54-18,232,48,0,0
,54-19,174,58,0,0
,54-20,205,59,4,0
,54-21,179,88,3,1
,54-22,203,59,2,0
,55-01,292,110,2,1
,55-02,336,121,7,1
,55-03,266,130,3,2
,55-04,246,162,5,3
,55-05,277,126,2,0
,55-06,241,113,5,0
,55-07,351,141,8,1
,55-08,164,106,3,1
,55-09,186,78,3,1
,55-10,226,87,2,1
,55-11,175,109,6,2
,55-12,171,139,2,0
,55-13,170,124,3,0
,55-14,201,153,1,0
,55-15,161,111,1,0
,55-16,184,127,1,0
,55-17,163,132,1,1
,55-18,150,127,2,0
,55-19,128,114,1,0
,55-20,149,95,2,0
,55-21,162,124,1,2
,55-22,151,84,3,1
,55-23,138,82,3,0
,55-24,196,125,5,4
,55-25,258,127,6,3
,55-26,276,131,4,1
,55-27,193,131,4,1
,55-28,190,170,4,1
,55-29,259,168,4,3
,56-01,318,137,1,2
,56-02,213,135,3,2
,56-03,184,87,1,2
,56-04,195,121,3,0
,56-05,163,156,4,1
,56-06,332,209,2,0
,56-07,275,198,5,1
,56-08,314,276,10,2
,56-09,235,148,4,0
,56-10,193,166,2,0
,56-11,148,140,4,1
,56-12,215,169,3,0
,56-13,227,96,4,0
,56-14,168,95,2,1
,56-15,166,113,3,0
,56-16,190,125,1,1
,56-17,215,131,5,2
,56-18,161,146,2,0
,56-19,345,302,0,0
,56-20,141,97,1,2
,56-21,181,151,3,2
,56-22,134,191,2,0
,56-23,246,180,3,0
,56-24,222,140,0,1
,56-25,300,118,1,0
,56-26,226,174,1,2
,56-27,201,110,1,0
,56-28,226,124,5,2
,56-29,193,140,4,0
,56-30,354,327,7,1
,56-31,262,209,4,0
,56-32,154,96,0,2
,56-33,211,88,0,0
,56-34,187,62,3,0
,56-35,224,103,0,0
,56-36,176,89,3,2
,56-37,197,128,2,0
,56-38,250,137,3,1
,56-39,306,190,4,4
,56-40,185,79,2,1
,56-41,407,176,6,0
,57-01,196,255,4,1
,57-02,313,263,4,2
,57-03,238,205,6,3
,57-04,236,157,1,1
,57-05,199,117,4,1
,57-06,454,191,7,2
,57-07,329,81,2,0
,57-08,304,230,7,0
,57-09,203,130,0,2
,57-10,368,212,4,0
,57-11,281,225,4,4
,57-12,230,244,7,1
,57-13,198,416,8,1
,57-14,190,311,3,1
,57-15,265,207,4,0
,57-16,175,220,3,2
,57-17,184,298,5,0
,57-18,240,272,5,2
,57-19,159,209,6,1
,57-20,202,122,2,1
,57-21,176,186,1,1
,57-22,172,226,4,0
,57-23,276,198,1,1
,57-24,172,171,5,4
,57-25,247,170,3,1
,57-26,284,133,0,4
,57-27,479,129,0,1
,57-28,151,238,5,0
,58-01,196,154,2,3
,58-02,122,114,0,0
,58-03,371,378,4,3
,58-04,195,412,4,3
,58-05,434,433,12,0
,58-06,220,263,0,0
,58-07,175,246,4,2
,58-08,349,338,6,2
,58-09,247,343,5,1
,58-10,236,267,5,1
,58-11,241,218,6,0
,58-12,208,289,2,0
,58-13,235,263,2,1
,58-14,179,206,1,0
,58-15,190,129,1,1
,58-16,220,279,4,1
,58-17,282,319,5,0
,58-18,295,173,2,0
,58-19,303,393,3,2
,58-20,282,214,7,1
,58-21,230,351,2,2
,58-22,193,256,2,2
,58-23,313,361,3,0
,58-24,443,407,5,2
,58-25,260,222,2,0
,58-26,236,285,4,0
,58-27,219,211,3,1
,58-28,198,211,1,1
,58-29,335,416,6,0
,58-30,241,234,3,1
,58-31,331,305,0,0
,58-32,154,131,1,0
,58-33,123,244,3,0
,58-34,240,257,3,3
,58-35,219,474,4,0
,58-36,121,133,0,0
,58-37,223,283,4,0
,58-38,136,211,5,2
,58-39,188,344,4,1
,58-40,151,153,4,0
,58-41,306,443,4,3
,58-42,218,181,2,1
,58-43,190,197,4,1
,58-44,295,254,4,0
,59-01,362,13,5,0
,59-02,419,5,1,0
,59-03,374,11,2,0
,59-04,571,13,3,1
,59-05,466,12,2,0
,59-06,271,7,1,1
,59-07,326,12,3,1
,59-08,368,15,2,1
,59-09,292,5,3,0
,59-10,532,16,7,5
,59-11,378,5,2,1
,59-12,392,12,3,2
,59-13,416,9,6,1
,59-14,272,8,0,0
,59-15,298,17,0,4
,59-16,353,14,1,1
,59-17,615,30,5,1
,59-18,370,27,2,2
,59-19,542,18,4,3
,59-20,267,31,2,1
,59-21,446,21,5,4
,59-22,444,18,3,2
,59-23,362,7,0,2
,59-24,371,10,2,1
,59-25,423,19,1,0
,60-01,327,18,2,4
,60-02,401,17,3,4
,60-03,322,9,1,2
,60-04,356,14,4,1
,60-05,404,9,4,0
,60-06,324,12,2,0
,60-07,337,6,3,4
,60-08,328,7,2,1
,60-09,619,20,0,2
,60-10,295,4,3,1
,60-11,414,7,0,2
,60-12,382,9,2,1
,60-13,311,15,2,2
,60-14,405,12,4,0
,60-15,349,11,1,5
,60-16,359,9,2,1
,60-17,401,8,2,1
,60-18,345,11,2,1
,60-19,341,11,2,0
,60-20,375,14,1,0
,60-21,262,8,0,3
,60-22,305,7,1,2
,60-23,419,33,2,2
,61-01,340,36,1,0
,61-02,385,39,3,2
,61-03,385,59,1,1
,61-04,334,50,2,3
,61-05,349,90,1,1
,61-06,663,34,5,1
,61-07,454,51,3,3
,61-08,421,39,8,0
,61-09,404,34,5,4
,61-10,427,69,1,0
,61-11,390,23,3,1
,61-12,378,14,0,0
,61-13,432,29,5,0
,61-14,405,33,3,0
,61-15,342,42,1,1
,61-16,375,59,3,0
,61-17,378,49,5,2
,61-18,429,74,0,1
,61-19,381,65,0,1
,61-20,367,18,2,0
,61-21,524,17,3,1
,61-22,330,21,1,1
,61-23,463,26,6,1
,61-24,266,33,5,1
,61-25,393,36,2,2
,61-26,381,35,6,1
,61-27,458,21,2,1
,61-28,432,10,1,0
,62-01,370,76,4,1
,62-02,314,60,3,0
,62-03,269,71,4,0
,62-04,402,61,3,3
,62-05,235,64,5,0
,62-06,329,59,6,0
,62-07,378,65,3,3
,62-08,376,58,3,1
,62-09,269,25,1,0
,62-10,323,53,1,1
,62-11,441,68,3,0
,62-12,319,66,0,0
,62-13,362,60,1,1
,62-14,393,71,2,2
,62-15,312,96,3,0
,62-16,322,67,4,1
,62-17,274,80,2,0
,62-18,272,90,4,1
,62-19,230,123,2,0
,62-20,327,91,2,2
,62-21,214,71,5,0
,62-22,303,73,4,0
,62-23,186,110,2,0
,62-24,246,81,6,3
,62-25,224,109,5,1
,62-26,247,99,2,1
,63-01,252,268,5,1
,63-02,232,254,5,0
,63-03,275,376,6,3
,63-04,335,283,3,2
,63-05,216,226,2,0
,63-06,352,176,5,1
,63-07,98,45,0,0
,63-08,268,218,4,2
,63-09,293,249,7,4
,63-10,276,295,4,2
,63-11,419,300,5,1
,63-12,269,205,6,1
,63-13,353,243,4,0
,63-14,225,253,4,2
,63-15,253,258,5,1
,63-16,162,226,2,2
,63-17,114,293,2,1
,63-18,227,273,4,1
,63-19,207,257,1,0
,63-20,217,223,6,2
,63-21,239,196,5,1
,63-22,253,186,4,1
,63-23,455,346,7,3
,63-24,207,201,2,1
,63-25,141,159,2,0
,64-01,245,141,3,2
,64-02,279,291,2,2
,64-03,246,182,3,1
,64-04,203,186,4,3
,64-05,251,218,5,1
,64-06,182,191,6,1
,64-07,227,169,1,1
,64-08,179,165,2,2
,64-09,191,100,3,1
,64-10,191,145,0,4
,64-11,145,130,1,1
,64-12,123,83,1,0
,64-13,110,134,1,0
,64-14,135,125,2,0
,64-15,239,126,0,2
,64-16,208,232,3,0
,64-17,119,138,1,0
,64-18,291,261,4,1
,65-01,218,417,3,0
,65-02,237,353,3,0
,65-03,248,125,8,0
,65-04,430,251,3,2
,65-05,187,124,3,1
,65-06,136,66,3,1
,65-07,303,498,5,2
,65-08,241,144,2,0
,65-09,281,214,6,0
,65-10,352,414,4,4
,65-11,328,152,2,0
,65-12,159,52,3,1
,65-13,190,109,1,0
,65-14,207,59,6,0
,65-15,238,68,2,0
,65-16,223,118,5,0
,65-17,318,145,4,1
,65-18,319,78,1,2
,65-19,202,127,2,2
,65-20,549,375,7,1
,65-21,225,131,4,1
,65-22,238,114,4,0
,65-23,222,276,7,0
,66-01,254,204,6,2
,66-02,143,185,3,0
,66-03,138,236,4,0
,66-04,142,192,4,1
,66-05,230,191,9,0
,66-06,158,271,2,1
,66-07,160,225,4,0
,66-08,447,339,5,1
,66-09,162,271,8,0
,66-10,216,254,5,5
,66-11,186,270,2,1
,66-12,275,212,1,0
,66-13,157,198,3,0
,66-14,179,345,4,0
,66-15,315,259,2,1
,66-16,127,188,5,0
,66-17,197,219,4,1
,66-18,217,214,1,2
,66-19,253,220,4,1
,66-20,261,216,1,0
,66-21,363,416,8,4
,66-22,382,415,8,0
,66-23,254,278,3,0
,66-24,202,216,2,0
,66-25,141,236,3,1
,66-26,237,309,2,1
,66-27,180,199,2,1
,66-28,229,253,3,2
,66-29,240,396,4,0
,66-30,211,287,2,0
,66-31,200,246,3,0
,66-32,255,234,1,2
,66-33,285,335,4,1
,66-34,151,306,4,1
,66-35,220,284,6,0
,66-36,259,389,7,0
,66-37,266,163,4,2
,66-38,229,278,4,0
,66-39,224,254,2,2
,66-40,143,195,4,1
,66-41,338,202,3,1
,66-42,174,258,1,1
,66-43,259,382,4,1
,66-44,191,291,5,2
,66-45,126,241,2,2
,66-46,180,273,5,0
,TOTALS,575974,128308,4671,1978
